期号,开奖日期,平码1,平码2,平码3,平码4,平码5,平码6,特码,波色1,波色2,波色3,波色4,波色5,波色6,波色7,生肖1,生肖2,生肖3,生肖4,生肖5,生肖6,生肖7
2022001,2022-01-01 21:32:32,49,26,05,28,07,02,22,green,blue,green,green,red,red,green,牛,鼠,雞,狗,羊,鼠,龍
2022002,2022-01-02 21:32:32,25,22,43,34,37,41,21,blue,green,green,red,blue,blue,green,牛,龍,羊,龍,牛,雞,蛇
2022003,2022-01-03 21:32:32,40,17,05,29,18,03,47,red,green,green,red,red,blue,blue,狗,雞,雞,雞,猴,豬,兔
2022004,2022-01-04 21:32:32,03,22,39,31,20,09,10,blue,green,green,blue,blue,blue,blue,豬,龍,豬,羊,馬,蛇,龍
2022005,2022-01-05 21:32:32,44,45,15,11,46,23,10,green,red,blue,green,red,red,blue,馬,蛇,豬,兔,龍,兔,龍
2022006,2022-01-06 21:32:32,12,39,23,01,29,44,17,red,green,red,red,red,green,green,虎,豬,兔,牛,雞,馬,雞
2022007,2022-01-07 21:32:32,38,49,26,13,33,46,39,green,green,blue,red,green,red,green,鼠,牛,鼠,牛,蛇,龍,豬
2022008,2022-01-08 21:32:32,04,43,44,31,33,11,49,blue,green,green,blue,green,green,green,狗,羊,馬,羊,蛇,兔,牛
2022009,2022-01-09 21:32:32,31,49,47,07,06,28,35,blue,green,blue,red,green,green,red,羊,牛,兔,羊,猴,狗,兔
2022010,2022-01-10 21:32:32,26,06,03,04,42,40,48,blue,green,blue,blue,blue,red,blue,鼠,猴,豬,狗,猴,狗,虎
2022011,2022-01-11 21:32:32,13,07,36,08,26,25,38,red,red,blue,red,blue,blue,green,牛,羊,虎,馬,鼠,牛,鼠
2022012,2022-01-12 21:32:32,47,32,04,02,22,27,38,blue,green,blue,red,green,green,green,兔,馬,狗,鼠,龍,豬,鼠
2022013,2022-01-13 21:32:32,29,04,48,33,31,13,32,red,blue,blue,green,blue,red,green,雞,狗,虎,蛇,羊,牛,馬
2022014,2022-01-14 21:32:32,25,44,32,08,36,46,33,blue,green,green,red,blue,red,green,牛,馬,馬,馬,虎,龍,蛇
2022015,2022-01-15 21:32:32,45,01,12,22,23,17,20,red,red,red,green,red,green,blue,蛇,牛,虎,龍,兔,雞,馬
2022016,2022-01-16 21:32:32,12,46,09,36,49,27,06,red,red,blue,blue,green,green,green,虎,龍,蛇,虎,牛,豬,猴
2022017,2022-01-17 21:32:32,23,46,30,34,37,22,24,red,red,red,red,blue,green,red,兔,龍,猴,龍,牛,龍,虎
2022018,2022-01-18 21:32:32,49,42,23,05,08,20,39,green,blue,red,green,red,blue,green,牛,猴,兔,雞,馬,馬,豬
2022019,2022-01-19 21:32:32,49,04,07,29,27,17,09,green,blue,red,red,green,green,blue,牛,狗,羊,雞,豬,雞,蛇
2022020,2022-01-20 21:32:32,49,21,29,48,10,43,19,green,green,red,blue,blue,green,red,牛,蛇,雞,虎,龍,羊,羊
2022021,2022-01-21 21:32:32,05,48,26,25,02,16,03,green,blue,blue,blue,red,green,blue,雞,虎,鼠,牛,鼠,狗,豬
2022022,2022-01-22 21:32:32,27,15,33,48,19,01,14,green,blue,green,blue,red,red,blue,豬,豬,蛇,虎,羊,牛,鼠
2022023,2022-01-23 21:32:32,12,23,39,47,49,04,19,red,red,green,blue,green,blue,red,虎,兔,豬,兔,牛,狗,羊
2022024,2022-01-24 21:32:32,27,38,28,20,35,17,12,green,green,green,blue,red,green,red,豬,鼠,狗,馬,兔,雞,虎
2022025,2022-01-25 21:32:32,18,20,12,19,43,26,33,red,blue,red,red,green,blue,green,猴,馬,虎,羊,羊,鼠,蛇
2022026,2022-01-26 21:32:32,23,01,13,41,38,43,04,red,red,red,blue,green,green,blue,兔,牛,牛,雞,鼠,羊,狗
2022027,2022-01-27 21:32:32,21,24,20,22,31,39,19,green,red,blue,green,blue,green,red,蛇,虎,馬,龍,羊,豬,羊
2022028,2022-01-28 21:32:32,42,48,22,06,45,39,46,blue,blue,green,green,red,green,red,猴,虎,龍,猴,蛇,豬,龍
2022029,2022-01-29 21:32:32,21,17,19,43,32,20,49,green,green,red,green,green,blue,green,蛇,雞,羊,羊,馬,馬,牛
2022030,2022-01-30 21:32:32,36,30,39,17,22,19,01,blue,red,green,green,green,red,red,虎,猴,豬,雞,龍,羊,牛
2022031,2022-01-31 21:32:32,35,22,09,44,06,13,41,red,green,blue,green,green,red,blue,兔,龍,蛇,馬,猴,牛,雞
2022032,2022-02-01 21:32:32,32,37,26,27,34,28,16,green,blue,blue,green,red,green,green,羊,虎,牛,鼠,蛇,豬,豬
2022033,2022-02-02 21:32:32,47,13,28,32,07,14,26,blue,red,green,green,red,blue,blue,龍,虎,豬,羊,猴,牛,牛
2022034,2022-02-03 21:32:32,02,28,44,13,18,33,12,red,green,green,red,red,green,red,牛,豬,羊,虎,雞,馬,兔
2022035,2022-02-04 21:32:32,08,47,24,32,36,33,49,red,blue,red,green,blue,green,green,羊,龍,兔,羊,兔,馬,虎
2022036,2022-02-05 21:32:32,34,32,27,30,08,02,42,red,green,green,red,red,red,blue,蛇,羊,鼠,雞,羊,牛,雞
2022037,2022-02-06 21:32:32,22,27,45,03,26,30,32,green,green,red,blue,blue,red,green,蛇,鼠,馬,鼠,牛,雞,羊
2022038,2022-02-07 21:32:32,33,36,19,48,08,49,21,green,blue,red,blue,red,green,green,馬,兔,猴,兔,羊,虎,馬
2022039,2022-02-08 21:32:32,01,11,12,14,46,23,03,red,green,red,blue,red,red,blue,虎,龍,兔,牛,蛇,龍,鼠
2022040,2022-02-09 21:32:32,33,13,16,14,44,31,21,green,red,green,blue,green,blue,green,馬,虎,豬,牛,羊,猴,馬
2022041,2022-02-10 21:32:32,12,42,43,36,26,03,08,red,blue,green,blue,blue,blue,red,兔,雞,猴,兔,牛,鼠,羊
2022042,2022-02-11 21:32:32,36,03,10,49,16,39,35,blue,blue,blue,green,green,green,red,兔,鼠,蛇,虎,豬,鼠,龍
2022043,2022-02-12 21:32:32,46,27,12,08,04,42,39,red,green,red,red,blue,blue,green,蛇,鼠,兔,羊,豬,雞,鼠
2022044,2022-02-13 21:32:32,23,05,15,01,17,14,11,red,green,blue,red,green,blue,green,龍,狗,鼠,虎,狗,牛,龍
2022045,2022-02-14 21:32:32,05,36,28,20,14,42,21,green,blue,green,blue,blue,blue,green,狗,兔,豬,羊,牛,雞,馬
2022046,2022-02-15 21:32:32,11,44,47,26,15,41,43,green,green,blue,blue,blue,blue,green,龍,羊,龍,牛,鼠,狗,猴
2022047,2022-02-16 21:32:32,35,37,26,06,38,10,19,red,blue,blue,green,green,blue,red,龍,虎,牛,雞,牛,蛇,猴
2022048,2022-02-17 21:32:32,21,44,01,08,15,02,39,green,green,red,red,blue,red,green,馬,羊,虎,羊,鼠,牛,鼠
2022049,2022-02-18 21:32:32,26,03,22,17,04,45,25,blue,blue,green,green,blue,red,blue,牛,鼠,蛇,狗,豬,馬,虎
2022050,2022-02-19 21:32:32,10,14,31,33,13,47,42,blue,blue,blue,green,red,blue,blue,蛇,牛,猴,馬,虎,龍,雞
2022051,2022-02-20 21:32:32,14,10,04,02,43,35,13,blue,blue,blue,red,green,red,red,牛,蛇,豬,牛,猴,龍,虎
2022052,2022-02-21 21:32:32,16,14,19,05,24,34,10,green,blue,red,green,red,red,blue,豬,牛,猴,狗,兔,蛇,蛇
2022053,2022-02-22 21:32:32,21,07,46,23,37,19,27,green,red,red,red,blue,red,green,馬,猴,蛇,龍,虎,猴,鼠
2022054,2022-02-23 21:32:32,11,23,05,30,25,43,02,green,red,green,red,blue,green,red,龍,龍,狗,雞,虎,猴,牛
2022055,2022-02-24 21:32:32,37,06,20,11,15,12,40,blue,green,blue,green,blue,red,red,虎,雞,羊,龍,鼠,兔,豬
2022056,2022-02-25 21:32:32,39,11,04,06,35,12,27,green,green,blue,green,red,red,green,鼠,龍,豬,雞,龍,兔,鼠
2022057,2022-02-26 21:32:32,39,03,32,28,48,16,29,green,blue,green,green,blue,green,red,鼠,鼠,羊,豬,兔,豬,狗
2022058,2022-02-27 21:32:32,05,30,47,24,36,34,16,green,red,blue,red,blue,red,green,狗,雞,龍,兔,兔,蛇,豬
2022059,2022-02-28 21:32:32,47,07,06,14,13,11,28,blue,red,green,blue,red,green,green,龍,猴,雞,牛,虎,龍,豬
2022060,2022-03-01 21:32:32,07,16,29,43,26,05,08,red,green,red,green,blue,green,red,猴,豬,狗,猴,牛,狗,羊
2022061,2022-03-02 21:32:32,17,43,32,39,27,11,24,green,green,green,green,green,green,red,狗,猴,羊,鼠,鼠,龍,兔
2022062,2022-03-03 21:32:32,05,21,14,17,39,26,08,green,green,blue,green,green,blue,red,狗,馬,牛,狗,鼠,牛,羊
2022063,2022-03-04 21:32:32,36,17,19,27,03,38,07,blue,green,red,green,blue,green,red,兔,狗,猴,鼠,鼠,牛,猴
2022064,2022-03-05 21:32:32,48,09,36,31,19,46,40,blue,blue,blue,blue,red,red,red,兔,馬,兔,猴,猴,蛇,豬
2022065,2022-03-06 21:32:32,06,38,44,09,28,19,02,green,green,green,blue,green,red,red,雞,牛,羊,馬,豬,猴,牛
2022066,2022-03-07 21:32:32,24,11,01,04,08,18,06,red,green,red,blue,red,red,green,兔,龍,虎,豬,羊,雞,雞
2022067,2022-03-08 21:32:32,17,29,15,27,09,11,12,green,red,blue,green,blue,green,red,狗,狗,鼠,鼠,馬,龍,兔
2022068,2022-03-09 21:32:32,14,09,05,46,22,28,08,blue,blue,green,red,green,green,red,牛,馬,狗,蛇,蛇,豬,羊
2022069,2022-03-10 21:32:32,39,04,45,23,18,19,11,green,blue,red,red,red,red,green,鼠,豬,馬,龍,雞,猴,龍
2022070,2022-03-11 21:32:32,08,43,48,46,23,19,22,red,green,blue,red,red,red,green,羊,猴,兔,蛇,龍,猴,蛇
2022071,2022-03-12 21:32:32,06,18,19,44,49,17,30,green,red,red,green,green,green,red,雞,雞,猴,羊,虎,狗,雞
2022072,2022-03-13 21:32:32,11,48,47,49,05,23,42,green,blue,blue,green,green,red,blue,龍,兔,龍,虎,狗,龍,雞
2022073,2022-03-14 21:32:32,30,33,09,02,43,15,19,red,green,blue,red,green,blue,red,雞,馬,馬,牛,猴,鼠,猴
2022074,2022-03-15 21:32:32,16,45,29,31,49,30,02,green,red,red,blue,green,red,red,豬,馬,狗,猴,虎,雞,牛
2022075,2022-03-16 21:32:32,18,05,14,33,31,29,32,red,green,blue,green,blue,red,green,雞,狗,牛,馬,猴,狗,羊
2022076,2022-03-17 21:32:32,36,28,12,46,09,11,23,blue,green,red,red,blue,green,red,兔,豬,兔,蛇,馬,龍,龍
2022077,2022-03-18 21:32:32,02,22,17,29,04,45,31,red,green,green,red,blue,red,blue,牛,蛇,狗,狗,豬,馬,猴
2022078,2022-03-19 21:32:32,12,28,01,16,39,27,46,red,green,red,green,green,green,red,兔,豬,虎,豬,鼠,鼠,蛇
2022079,2022-03-20 21:32:32,45,18,17,24,49,16,28,red,red,green,red,green,green,green,馬,雞,狗,兔,虎,豬,豬
2022080,2022-03-21 21:32:32,37,20,48,06,46,28,22,blue,blue,blue,green,red,green,green,虎,羊,兔,雞,蛇,豬,蛇
2022081,2022-03-22 21:32:32,04,43,31,48,38,15,26,blue,green,blue,blue,green,blue,blue,豬,猴,猴,兔,牛,鼠,牛
2022082,2022-03-23 21:32:32,21,28,46,13,05,43,45,green,green,red,red,green,green,red,馬,豬,蛇,虎,狗,猴,馬
2022083,2022-03-24 21:32:32,49,08,07,01,45,17,04,green,red,red,red,red,green,blue,虎,羊,猴,虎,馬,狗,豬
2022084,2022-03-25 21:32:32,14,04,10,18,41,38,06,blue,blue,blue,red,blue,green,green,牛,豬,蛇,雞,狗,牛,雞
2022085,2022-03-26 21:32:32,24,20,49,42,02,48,13,red,blue,green,blue,red,blue,red,兔,羊,虎,雞,牛,兔,虎
2022086,2022-03-27 21:32:32,07,02,32,23,26,11,34,red,red,green,red,blue,green,red,猴,牛,羊,龍,牛,龍,蛇
2022087,2022-03-28 21:32:32,10,16,49,40,33,03,19,blue,green,green,red,green,blue,red,蛇,豬,虎,豬,馬,鼠,猴
2022088,2022-03-29 21:32:32,39,31,41,28,37,34,05,green,blue,blue,green,blue,red,green,鼠,猴,狗,豬,虎,蛇,狗
2022089,2022-03-30 21:32:32,07,48,41,43,04,22,11,red,blue,blue,green,blue,green,green,猴,兔,狗,猴,豬,蛇,龍
2022090,2022-03-31 21:32:32,41,32,09,16,42,22,06,blue,green,blue,green,blue,green,green,狗,羊,馬,豬,雞,蛇,雞
2022091,2022-04-01 21:32:32,41,07,48,15,11,09,49,blue,red,blue,blue,green,blue,green,狗,猴,兔,鼠,龍,馬,虎
2022092,2022-04-02 21:32:32,41,12,23,37,46,03,35,blue,red,red,blue,red,blue,red,狗,兔,龍,虎,蛇,鼠,龍
2022093,2022-04-03 21:32:32,06,21,01,46,25,39,31,green,green,red,red,blue,green,blue,雞,馬,虎,蛇,虎,鼠,猴
2022094,2022-04-04 21:32:32,49,17,12,07,33,05,08,green,green,red,red,green,green,red,虎,狗,兔,猴,馬,狗,羊
2022095,2022-04-05 21:32:32,27,05,02,43,47,06,07,green,green,red,green,blue,green,red,鼠,狗,牛,猴,龍,雞,猴
2022096,2022-04-06 21:32:32,18,25,10,35,06,26,09,red,blue,blue,red,green,blue,blue,雞,虎,蛇,龍,雞,牛,馬
2022097,2022-04-07 21:32:32,08,30,12,25,04,35,24,red,red,red,blue,blue,red,red,羊,雞,兔,虎,豬,龍,兔
2022098,2022-04-08 21:32:32,46,24,28,34,29,10,49,red,red,green,red,red,blue,green,蛇,兔,豬,蛇,狗,蛇,虎
2022099,2022-04-09 21:32:32,22,07,29,39,08,24,40,green,red,red,green,red,red,red,蛇,猴,狗,鼠,羊,兔,豬
2022100,2022-04-10 21:32:32,48,44,38,10,14,46,36,blue,green,green,blue,blue,red,blue,兔,羊,牛,蛇,牛,蛇,兔
2022101,2022-04-11 21:32:32,49,09,38,20,30,44,05,green,blue,green,blue,red,green,green,虎,馬,牛,羊,雞,羊,狗
2022102,2022-04-12 21:32:32,49,10,29,48,44,34,08,green,blue,red,blue,green,red,red,虎,蛇,狗,兔,羊,蛇,羊
2022103,2022-04-13 21:32:32,11,45,44,43,30,42,22,green,red,green,green,red,blue,green,龍,馬,羊,猴,雞,雞,蛇
2022104,2022-04-14 21:32:32,39,22,25,01,07,46,36,green,green,blue,red,red,red,blue,鼠,蛇,虎,虎,猴,蛇,兔
2022105,2022-04-15 21:32:32,14,34,07,03,49,37,22,blue,red,red,blue,green,blue,green,牛,蛇,猴,鼠,虎,虎,蛇
2022106,2022-04-16 21:32:32,18,49,30,01,42,39,34,red,green,red,red,blue,green,red,雞,虎,雞,虎,雞,鼠,蛇
2022107,2022-04-17 21:32:32,26,29,22,36,45,10,14,blue,red,green,blue,red,blue,blue,牛,狗,蛇,兔,馬,蛇,牛
2022108,2022-04-18 21:32:32,33,23,46,25,28,26,40,green,red,red,blue,green,blue,red,馬,龍,蛇,虎,豬,牛,豬
2022109,2022-04-19 21:32:32,47,48,16,22,36,32,43,blue,blue,green,green,blue,green,green,龍,兔,豬,蛇,兔,羊,猴
2022110,2022-04-20 21:32:32,34,37,27,31,14,04,16,red,blue,green,blue,blue,blue,green,蛇,虎,鼠,猴,牛,豬,豬
2022111,2022-04-21 21:32:32,39,48,37,41,08,21,10,green,blue,blue,blue,red,green,blue,鼠,兔,虎,狗,羊,馬,蛇
2022112,2022-04-22 21:32:32,24,22,05,31,10,08,21,red,green,green,blue,blue,red,green,兔,蛇,狗,猴,蛇,羊,馬
2022113,2022-04-23 21:32:32,32,27,25,49,26,04,09,green,green,blue,green,blue,blue,blue,羊,鼠,虎,虎,牛,豬,馬
2022114,2022-04-24 21:32:32,44,11,16,14,10,04,27,green,green,green,blue,blue,blue,green,羊,龍,豬,牛,蛇,豬,鼠
2022115,2022-04-25 21:32:32,42,21,39,36,27,33,11,blue,green,green,blue,green,green,green,雞,馬,鼠,兔,鼠,馬,龍
2022116,2022-04-26 21:32:32,40,05,36,32,39,22,46,red,green,blue,green,green,green,red,豬,狗,兔,羊,鼠,蛇,蛇
2022117,2022-04-27 21:32:32,03,14,22,38,27,10,16,blue,blue,green,green,green,blue,green,鼠,牛,蛇,牛,鼠,蛇,豬
2022118,2022-04-28 21:32:32,33,03,15,32,43,06,34,green,blue,blue,green,green,green,red,馬,鼠,鼠,羊,猴,雞,蛇
2022119,2022-04-29 21:32:32,26,05,16,45,24,04,32,blue,green,green,red,red,blue,green,牛,狗,豬,馬,兔,豬,羊
2022120,2022-04-30 21:32:32,49,47,25,15,03,45,32,green,blue,blue,blue,blue,red,green,虎,龍,虎,鼠,鼠,馬,羊
2022121,2022-05-01 21:32:32,21,05,43,22,46,38,36,green,green,green,green,red,green,blue,馬,狗,猴,蛇,蛇,牛,兔
2022122,2022-05-02 21:32:32,32,45,43,15,04,18,16,green,red,green,blue,blue,red,green,羊,馬,猴,鼠,豬,雞,豬
2022123,2022-05-03 21:32:32,16,20,37,10,03,02,17,green,blue,blue,blue,blue,red,green,豬,羊,虎,蛇,鼠,牛,狗
2022124,2022-05-04 21:32:32,29,26,33,40,38,07,46,red,blue,green,red,green,red,red,狗,牛,馬,豬,牛,猴,蛇
2022125,2022-05-05 21:32:32,07,05,15,02,44,27,48,red,green,blue,red,green,green,blue,猴,狗,鼠,牛,羊,鼠,兔
2022126,2022-05-06 21:32:32,25,14,07,12,03,32,45,blue,blue,red,red,blue,green,red,虎,牛,猴,兔,鼠,羊,馬
2022127,2022-05-07 21:32:32,34,01,12,16,36,27,42,red,red,red,green,blue,green,blue,蛇,虎,兔,豬,兔,鼠,雞
2022128,2022-05-08 21:32:32,35,07,26,06,39,11,12,red,red,blue,green,green,green,red,龍,猴,牛,雞,鼠,龍,兔
2022129,2022-05-09 21:32:32,24,14,06,25,34,17,48,red,blue,green,blue,red,green,blue,兔,牛,雞,虎,蛇,狗,兔
2022130,2022-05-10 21:32:32,04,27,30,09,17,11,47,blue,green,red,blue,green,green,blue,豬,鼠,雞,馬,狗,龍,龍
2022131,2022-05-11 21:32:32,28,01,03,42,34,17,45,green,red,blue,blue,red,green,red,豬,虎,鼠,雞,蛇,狗,馬
2022132,2022-05-12 21:32:32,15,44,27,33,33,18,19,blue,green,green,green,green,red,red,鼠,羊,鼠,馬,馬,雞,猴
2022133,2022-05-13 21:32:32,32,38,36,47,15,41,27,green,green,blue,blue,blue,blue,green,羊,牛,兔,龍,鼠,狗,鼠
2022134,2022-05-14 21:32:32,49,28,29,11,01,36,40,green,green,red,green,red,blue,red,虎,豬,狗,龍,虎,兔,豬
2022135,2022-05-15 21:32:32,43,12,40,10,24,18,03,green,red,red,blue,red,red,blue,猴,兔,豬,蛇,兔,雞,鼠
2022136,2022-05-16 21:32:32,43,28,20,30,23,13,17,green,green,blue,red,red,red,green,猴,豬,羊,雞,龍,虎,狗
2022137,2022-05-17 21:32:32,32,07,45,04,18,39,48,green,red,red,blue,red,green,blue,羊,猴,馬,豬,雞,鼠,兔
2022138,2022-05-18 21:32:32,10,14,21,43,31,08,22,blue,blue,green,green,blue,red,green,蛇,牛,馬,猴,猴,羊,蛇
2022139,2022-05-19 21:32:32,45,29,11,09,48,40,21,red,red,green,blue,blue,red,green,馬,狗,龍,馬,兔,豬,馬
2022140,2022-05-20 21:32:32,07,24,26,44,08,43,19,red,red,blue,green,red,green,red,猴,兔,牛,羊,羊,猴,猴
2022141,2022-05-21 21:32:32,12,11,22,25,28,23,27,red,green,green,blue,green,red,green,兔,龍,蛇,虎,豬,龍,鼠
2022142,2022-05-22 21:32:32,31,48,02,13,03,14,06,blue,blue,red,red,blue,blue,green,猴,兔,牛,虎,鼠,牛,雞
2022143,2022-05-23 21:32:32,36,33,17,09,16,11,02,blue,green,green,blue,green,green,red,兔,馬,狗,馬,豬,龍,牛
2022144,2022-05-24 21:32:32,48,12,30,04,05,33,28,blue,red,red,blue,green,green,green,兔,兔,雞,豬,狗,馬,豬
2022145,2022-05-25 21:32:32,26,45,33,24,49,05,06,blue,red,green,red,green,green,green,牛,馬,馬,兔,虎,狗,雞
2022146,2022-05-26 21:32:32,16,47,07,38,14,31,17,green,blue,red,green,blue,blue,green,豬,龍,猴,牛,牛,猴,狗
2022147,2022-05-27 21:32:32,17,21,44,08,22,09,42,green,green,green,red,green,blue,blue,狗,馬,羊,羊,蛇,馬,雞
2022148,2022-05-28 21:32:32,45,12,08,22,31,17,04,red,red,red,green,blue,green,blue,馬,兔,羊,蛇,猴,狗,豬
2022149,2022-05-29 21:32:32,40,01,18,43,17,34,47,red,red,red,green,green,red,blue,豬,虎,雞,猴,狗,蛇,龍
2022150,2022-05-30 21:32:32,22,31,19,08,12,15,41,green,blue,red,red,red,blue,blue,蛇,猴,猴,羊,兔,鼠,狗
2022151,2022-05-31 21:32:32,16,04,08,21,37,18,05,green,blue,red,green,blue,red,green,豬,豬,羊,馬,虎,雞,狗
2022152,2022-06-01 21:32:32,41,06,05,30,25,33,14,blue,green,green,red,blue,green,blue,狗,雞,狗,雞,虎,馬,牛
2022153,2022-06-02 21:32:32,30,06,48,32,28,02,49,red,green,blue,green,green,red,green,雞,雞,兔,羊,豬,牛,虎
2022154,2022-06-03 21:32:32,39,21,04,37,05,27,30,green,green,blue,blue,green,green,red,鼠,馬,豬,虎,狗,鼠,雞
2022155,2022-06-04 21:32:32,28,02,16,46,03,48,18,green,red,green,red,blue,blue,red,豬,牛,豬,蛇,鼠,兔,雞
2022156,2022-06-05 21:32:32,27,41,40,33,11,29,12,green,blue,red,green,green,red,red,鼠,狗,豬,馬,龍,狗,兔
2022157,2022-06-06 21:32:32,49,08,14,39,40,05,16,green,red,blue,green,red,green,green,虎,羊,牛,鼠,豬,狗,豬
2022158,2022-06-07 21:32:32,39,42,08,04,25,17,35,green,blue,red,blue,blue,green,red,鼠,雞,羊,豬,虎,狗,龍
2022159,2022-06-08 21:32:32,19,42,36,31,44,16,26,red,blue,blue,blue,green,green,blue,猴,雞,兔,猴,羊,豬,牛
2022160,2022-06-09 21:32:32,20,30,33,26,07,19,14,blue,red,green,blue,red,red,blue,羊,雞,馬,牛,猴,猴,牛
2022161,2022-06-10 21:32:32,23,01,36,15,30,42,02,red,red,blue,blue,red,blue,red,龍,虎,兔,鼠,雞,雞,牛
2022162,2022-06-11 21:32:32,03,05,42,49,24,33,39,blue,green,blue,green,red,green,green,鼠,狗,雞,虎,兔,馬,鼠
2022163,2022-06-12 21:32:32,37,03,31,49,10,26,45,blue,blue,blue,green,blue,blue,red,虎,鼠,猴,虎,蛇,牛,馬
2022164,2022-06-13 21:32:32,25,31,02,36,21,15,49,blue,blue,red,blue,green,blue,green,虎,猴,牛,兔,馬,鼠,虎
2022165,2022-06-14 21:32:32,48,04,49,02,09,11,40,blue,blue,green,red,blue,green,red,兔,豬,虎,牛,馬,龍,豬
2022166,2022-06-15 21:32:32,22,15,01,14,07,17,04,green,blue,red,blue,red,green,blue,蛇,鼠,虎,牛,猴,狗,豬
2022167,2022-06-16 21:32:32,46,03,14,27,33,42,47,red,blue,blue,green,green,blue,blue,蛇,鼠,牛,鼠,馬,雞,龍
2022168,2022-06-17 21:32:32,41,43,42,25,06,15,08,blue,green,blue,blue,green,blue,red,狗,猴,雞,虎,雞,鼠,羊
2022169,2022-06-18 21:32:32,13,09,41,31,20,47,19,red,blue,blue,blue,blue,blue,red,虎,馬,狗,猴,羊,龍,猴
2022170,2022-06-19 21:32:32,07,43,23,12,32,37,49,red,green,red,red,green,blue,green,猴,猴,龍,兔,羊,虎,虎
2022171,2022-06-20 21:32:32,09,42,20,30,27,16,49,blue,blue,blue,red,green,green,green,馬,雞,羊,雞,鼠,豬,虎
2022172,2022-06-21 21:32:32,45,09,29,21,48,18,34,red,blue,red,green,blue,red,red,馬,馬,狗,馬,兔,雞,蛇
2022173,2022-06-22 21:32:32,36,43,30,40,38,22,01,blue,green,red,red,green,green,red,兔,猴,雞,豬,牛,蛇,虎
2022174,2022-06-23 21:32:32,33,37,47,13,15,02,42,green,blue,blue,red,blue,red,blue,馬,虎,龍,虎,鼠,牛,雞
2022175,2022-06-24 21:32:32,13,31,04,47,32,06,20,red,blue,blue,blue,green,green,blue,虎,猴,豬,龍,羊,雞,羊
2022176,2022-06-25 21:32:32,03,47,08,40,15,49,31,blue,blue,red,red,blue,green,blue,鼠,龍,羊,豬,鼠,虎,猴
2022177,2022-06-26 21:32:32,22,36,10,29,37,32,20,green,blue,blue,red,blue,green,blue,蛇,兔,蛇,狗,虎,羊,羊
2022178,2022-06-27 21:32:32,35,22,04,29,30,48,41,red,green,blue,red,red,blue,blue,龍,蛇,豬,狗,雞,兔,狗
2022179,2022-06-28 21:32:32,15,20,35,03,26,12,40,blue,blue,red,blue,blue,red,red,鼠,羊,龍,鼠,牛,兔,豬
2022180,2022-06-29 21:32:32,05,16,38,24,12,18,44,green,green,green,red,red,red,green,狗,豬,牛,兔,兔,雞,羊
2022181,2022-06-30 21:32:32,39,02,21,23,31,26,16,green,red,green,red,blue,blue,green,鼠,牛,馬,龍,猴,牛,豬
2022182,2022-07-01 21:32:32,06,43,02,12,10,40,48,green,green,red,red,blue,red,blue,雞,猴,牛,兔,蛇,豬,兔
2022183,2022-07-02 21:32:32,14,47,08,45,40,36,26,blue,blue,red,red,red,blue,blue,牛,龍,羊,馬,豬,兔,牛
2022184,2022-07-03 21:32:32,34,06,44,17,21,30,08,red,green,green,green,green,red,red,蛇,雞,羊,狗,馬,雞,羊
2022185,2022-07-04 21:32:32,49,47,31,16,35,12,04,green,blue,blue,green,red,red,blue,虎,龍,猴,豬,龍,兔,豬
2022186,2022-07-05 21:32:32,01,43,12,34,17,32,31,red,green,red,red,green,green,blue,虎,猴,兔,蛇,狗,羊,猴
2022187,2022-07-06 21:32:32,34,09,41,35,12,48,44,red,blue,blue,red,red,blue,green,蛇,馬,狗,龍,兔,兔,羊
2022188,2022-07-07 21:32:32,12,04,09,28,32,03,19,red,blue,blue,green,green,blue,red,兔,豬,馬,豬,羊,鼠,猴
2022189,2022-07-08 21:32:32,40,41,29,38,07,09,35,red,blue,red,green,red,blue,red,豬,狗,狗,牛,猴,馬,龍
2022190,2022-07-09 21:32:32,26,15,32,34,12,24,25,blue,blue,green,red,red,red,blue,牛,鼠,羊,蛇,兔,兔,虎
2022191,2022-07-10 21:32:32,22,05,03,27,34,08,25,green,green,blue,green,red,red,blue,蛇,狗,鼠,鼠,蛇,羊,虎
2022192,2022-07-11 21:32:32,01,12,34,13,16,38,08,red,red,red,red,green,green,red,虎,兔,蛇,虎,豬,牛,羊
2022193,2022-07-12 21:32:32,36,40,19,26,03,37,04,blue,red,red,blue,blue,blue,blue,兔,豬,猴,牛,鼠,虎,豬
2022194,2022-07-13 21:32:32,26,45,29,21,48,13,02,blue,red,red,green,blue,red,red,牛,馬,狗,馬,兔,虎,牛
2022195,2022-07-14 21:32:32,13,39,28,07,11,31,03,red,green,green,red,green,blue,blue,虎,鼠,豬,猴,龍,猴,鼠
2022196,2022-07-15 21:32:32,08,37,39,44,33,21,13,red,blue,green,green,green,green,red,羊,虎,鼠,羊,馬,馬,虎
2022197,2022-07-16 21:32:32,32,36,42,20,46,29,35,green,blue,blue,blue,red,red,red,羊,兔,雞,羊,蛇,狗,龍
2022198,2022-07-17 21:32:32,01,09,14,34,07,17,29,red,blue,blue,red,red,green,red,虎,馬,牛,蛇,猴,狗,狗
2022199,2022-07-18 21:32:32,42,37,38,08,29,33,13,blue,blue,green,red,red,green,red,雞,虎,牛,羊,狗,馬,虎
2022200,2022-07-19 21:32:32,26,31,19,03,07,28,39,blue,blue,red,blue,red,green,green,牛,猴,猴,鼠,猴,豬,鼠
2022201,2022-07-20 21:32:32,23,40,13,37,42,48,19,red,red,red,blue,blue,blue,red,龍,豬,虎,虎,雞,兔,猴
2022202,2022-07-21 21:32:32,26,16,46,43,36,20,44,blue,green,red,green,blue,blue,green,牛,豬,蛇,猴,兔,羊,羊
2022203,2022-07-22 21:32:32,32,29,12,07,31,33,08,green,red,red,red,blue,green,red,羊,狗,兔,猴,猴,馬,羊
2022204,2022-07-23 21:32:32,05,19,36,34,01,33,11,green,red,blue,red,red,green,green,狗,猴,兔,蛇,虎,馬,龍
2022205,2022-07-24 21:32:32,35,19,40,05,46,03,44,red,red,red,green,red,blue,green,龍,猴,豬,狗,蛇,鼠,羊
2022206,2022-07-25 21:32:32,46,01,18,10,43,17,12,red,red,red,blue,green,green,red,蛇,虎,雞,蛇,猴,狗,兔
2022207,2022-07-26 21:32:32,30,23,40,14,03,01,19,red,red,red,blue,blue,red,red,雞,龍,豬,牛,鼠,虎,猴
2022208,2022-07-27 21:32:32,17,36,45,39,47,25,30,green,blue,red,green,blue,blue,red,狗,兔,馬,鼠,龍,虎,雞
2022209,2022-07-28 21:32:32,14,06,21,20,01,12,48,blue,green,green,blue,red,red,blue,牛,雞,馬,羊,虎,兔,兔
2022210,2022-07-29 21:32:32,26,13,07,01,24,35,18,blue,red,red,red,red,red,red,牛,虎,猴,虎,兔,龍,雞
2022211,2022-07-30 21:32:32,28,26,36,43,30,04,44,green,blue,blue,green,red,blue,green,豬,牛,兔,猴,雞,豬,羊
2022212,2022-07-31 21:32:32,36,13,11,15,49,20,39,blue,red,green,blue,green,blue,green,兔,虎,龍,鼠,虎,羊,鼠
2022213,2022-08-01 21:32:32,05,12,07,01,08,19,42,green,red,red,red,red,red,blue,狗,兔,猴,虎,羊,猴,雞
2022214,2022-08-02 21:32:32,43,11,04,20,44,03,41,green,green,blue,blue,green,blue,blue,猴,龍,豬,羊,羊,鼠,狗
2022215,2022-08-03 21:32:32,05,14,41,36,21,40,26,green,blue,blue,blue,green,red,blue,狗,牛,狗,兔,馬,豬,牛
2022216,2022-08-04 21:32:32,45,14,40,30,04,05,47,red,blue,red,red,blue,green,blue,馬,牛,豬,雞,豬,狗,龍
2022217,2022-08-05 21:32:32,46,14,28,07,45,16,25,red,blue,green,red,red,green,blue,蛇,牛,豬,猴,馬,豬,虎
2022218,2022-08-06 21:32:32,28,03,37,12,33,09,18,green,blue,blue,red,green,blue,red,豬,鼠,虎,兔,馬,馬,雞
2022219,2022-08-07 21:32:32,24,44,20,03,23,32,41,red,green,blue,blue,red,green,blue,兔,羊,羊,鼠,龍,羊,狗
2022220,2022-08-08 21:32:32,11,24,02,48,23,06,15,green,red,red,blue,red,green,blue,龍,兔,牛,兔,龍,雞,鼠
2022221,2022-08-09 21:32:32,39,23,04,28,06,31,47,green,red,blue,green,green,blue,blue,鼠,龍,豬,豬,雞,猴,龍
2022222,2022-08-10 21:32:32,01,09,03,22,08,35,24,red,blue,blue,green,red,red,red,虎,馬,鼠,蛇,羊,龍,兔
2022223,2022-08-11 21:32:32,15,24,43,44,48,46,04,blue,red,green,green,blue,red,blue,鼠,兔,猴,羊,兔,蛇,豬
2022224,2022-08-12 21:32:32,09,43,22,47,32,38,24,blue,green,green,blue,green,green,red,馬,猴,蛇,龍,羊,牛,兔
2022225,2022-08-13 21:32:32,20,45,30,13,32,01,10,blue,red,red,red,green,red,blue,羊,馬,雞,虎,羊,虎,蛇
2022226,2022-08-14 21:32:32,43,36,09,12,06,45,47,green,blue,blue,red,green,red,blue,猴,兔,馬,兔,雞,馬,龍
2022227,2022-08-15 21:32:32,26,03,12,24,19,07,39,blue,blue,red,red,red,red,green,牛,鼠,兔,兔,猴,猴,鼠
2022228,2022-08-16 21:32:32,24,06,18,21,05,45,35,red,green,red,green,green,red,red,兔,雞,雞,馬,狗,馬,龍
2022229,2022-08-17 21:32:32,12,04,36,44,33,19,39,red,blue,blue,green,green,red,green,兔,豬,兔,羊,馬,猴,鼠
2022230,2022-08-18 21:32:32,46,26,06,19,22,12,41,red,blue,green,red,green,red,blue,蛇,牛,雞,猴,蛇,兔,狗
2022231,2022-08-19 21:32:32,28,06,33,04,38,09,15,green,green,green,blue,green,blue,blue,豬,雞,馬,豬,牛,馬,鼠
2022232,2022-08-20 21:32:32,25,36,08,21,14,18,22,blue,blue,red,green,blue,red,green,虎,兔,羊,馬,牛,雞,蛇
2022233,2022-08-21 21:32:32,27,19,35,01,04,40,41,green,red,red,red,blue,red,blue,鼠,猴,龍,虎,豬,豬,狗
2022234,2022-08-22 21:32:32,11,37,22,47,45,27,31,green,blue,green,blue,red,green,blue,龍,虎,蛇,龍,馬,鼠,猴
2022235,2022-08-23 21:32:32,33,04,45,23,06,02,31,green,blue,red,red,green,red,blue,馬,豬,馬,龍,雞,牛,猴
2022236,2022-08-24 21:32:32,10,47,44,27,39,15,09,blue,blue,green,green,green,blue,blue,蛇,龍,羊,鼠,鼠,鼠,馬
2022237,2022-08-25 21:32:32,41,11,43,45,47,14,27,blue,green,green,red,blue,blue,green,狗,龍,猴,馬,龍,牛,鼠
2022238,2022-08-26 21:32:32,07,45,33,35,37,38,20,red,red,green,red,blue,green,blue,猴,馬,馬,龍,虎,牛,羊
2022239,2022-08-27 21:32:32,11,12,35,23,10,01,17,green,red,red,red,blue,red,green,龍,兔,龍,龍,蛇,虎,狗
2022240,2022-08-28 21:32:32,18,19,29,22,34,20,05,red,red,red,green,red,blue,green,雞,猴,狗,蛇,蛇,羊,狗
2022241,2022-08-29 21:32:32,03,36,13,34,24,42,06,blue,blue,red,red,red,blue,green,鼠,兔,虎,蛇,兔,雞,雞
2022242,2022-08-30 21:32:32,14,42,30,31,41,18,33,blue,blue,red,blue,blue,red,green,牛,雞,雞,猴,狗,雞,馬
2022243,2022-08-31 21:32:32,03,45,05,18,42,16,49,blue,red,green,red,blue,green,green,鼠,馬,狗,雞,雞,豬,虎
2022244,2022-09-01 21:32:32,18,30,23,20,03,40,26,red,red,red,blue,blue,red,blue,雞,雞,龍,羊,鼠,豬,牛
2022245,2022-09-02 21:32:32,32,02,21,37,39,04,29,green,red,green,blue,green,blue,red,羊,牛,馬,虎,鼠,豬,狗
2022246,2022-09-03 21:32:32,31,03,01,38,25,10,46,blue,blue,red,green,blue,blue,red,猴,鼠,虎,牛,虎,蛇,蛇
2022247,2022-09-04 21:32:32,30,05,10,02,39,29,04,red,green,blue,red,green,red,blue,雞,狗,蛇,牛,鼠,狗,豬
2022248,2022-09-05 21:32:32,34,32,14,16,13,43,10,red,green,blue,green,red,green,blue,蛇,羊,牛,豬,虎,猴,蛇
2022249,2022-09-06 21:32:32,42,37,35,38,24,34,13,blue,blue,red,green,red,red,red,雞,虎,龍,牛,兔,蛇,虎
2022250,2022-09-07 21:32:32,22,05,07,14,17,10,21,green,green,red,blue,green,blue,green,蛇,狗,猴,牛,狗,蛇,馬
2022251,2022-09-08 21:32:32,11,33,32,16,41,17,38,green,green,green,green,blue,green,green,龍,馬,羊,豬,狗,狗,牛
2022252,2022-09-09 21:32:32,13,21,02,07,39,32,25,red,green,red,red,green,green,blue,虎,馬,牛,猴,鼠,羊,虎
2022253,2022-09-10 21:32:32,08,06,29,42,04,43,05,red,green,red,blue,blue,green,green,羊,雞,狗,雞,豬,猴,狗
2022254,2022-09-11 21:32:32,01,03,34,42,40,41,43,red,blue,red,blue,red,blue,green,虎,鼠,蛇,雞,豬,狗,猴
2022255,2022-09-12 21:32:32,36,48,03,18,27,43,20,blue,blue,blue,red,green,green,blue,兔,兔,鼠,雞,鼠,猴,羊
2022256,2022-09-13 21:32:32,48,44,14,22,30,24,19,blue,green,blue,green,red,red,red,兔,羊,牛,蛇,雞,兔,猴
2022257,2022-09-14 21:32:32,38,34,30,22,15,49,07,green,red,red,green,blue,green,red,牛,蛇,雞,蛇,鼠,虎,猴
2022258,2022-09-15 21:32:32,27,18,39,01,17,24,12,green,red,green,red,green,red,red,鼠,雞,鼠,虎,狗,兔,兔
2022259,2022-09-16 21:32:32,09,26,01,49,38,34,17,blue,blue,red,green,green,red,green,馬,牛,虎,虎,牛,蛇,狗
2022260,2022-09-17 21:32:32,02,16,05,42,44,04,08,red,green,green,blue,green,blue,red,牛,豬,狗,雞,羊,豬,羊
2022261,2022-09-18 21:32:32,06,29,33,48,20,31,18,green,red,green,blue,blue,blue,red,雞,狗,馬,兔,羊,猴,雞
2022262,2022-09-19 21:32:32,22,26,19,08,05,20,03,green,blue,red,red,green,blue,blue,蛇,牛,猴,羊,狗,羊,鼠
2022263,2022-09-20 21:32:32,37,05,06,34,48,24,40,blue,green,green,red,blue,red,red,虎,狗,雞,蛇,兔,兔,豬
2022264,2022-09-21 21:32:32,08,27,24,13,31,49,06,red,green,red,red,blue,green,green,羊,鼠,兔,虎,猴,虎,雞
2022265,2022-09-22 21:32:32,42,44,04,05,26,10,49,blue,green,blue,green,blue,blue,green,雞,羊,豬,狗,牛,蛇,虎
2022266,2022-09-23 21:32:32,40,31,09,29,20,37,45,red,blue,blue,red,blue,blue,red,豬,猴,馬,狗,羊,虎,馬
2022267,2022-09-24 21:32:32,34,40,20,37,48,30,09,red,red,blue,blue,blue,red,blue,蛇,豬,羊,虎,兔,雞,馬
2022268,2022-09-25 21:32:32,32,07,31,05,47,24,04,green,red,blue,green,blue,red,blue,羊,猴,猴,狗,龍,兔,豬
2022269,2022-09-26 21:32:32,24,10,08,23,14,37,21,red,blue,red,red,blue,blue,green,兔,蛇,羊,龍,牛,虎,馬
2022270,2022-09-27 21:32:32,09,43,44,32,42,39,04,blue,green,green,green,blue,green,blue,馬,猴,羊,羊,雞,鼠,豬
2022271,2022-09-28 21:32:32,15,14,43,11,09,23,01,blue,blue,green,green,blue,red,red,鼠,牛,猴,龍,馬,龍,虎
2022272,2022-09-29 21:32:32,37,28,29,04,42,18,07,blue,green,red,blue,blue,red,red,虎,豬,狗,豬,雞,雞,猴
2022273,2022-09-30 21:32:32,40,06,10,38,04,49,47,red,green,blue,green,blue,green,blue,豬,雞,蛇,牛,豬,虎,龍
2022274,2022-10-01 21:32:32,20,37,10,27,16,08,48,blue,blue,blue,green,green,red,blue,羊,虎,蛇,鼠,豬,羊,兔
2022275,2022-10-02 21:32:32,48,49,03,09,15,38,18,blue,green,blue,blue,blue,green,red,兔,虎,鼠,馬,鼠,牛,雞
2022276,2022-10-03 21:32:32,45,48,36,09,44,19,12,red,blue,blue,blue,green,red,red,馬,兔,兔,馬,羊,猴,兔
2022277,2022-10-04 21:32:32,27,13,03,20,36,02,14,green,red,blue,blue,blue,red,blue,鼠,虎,鼠,羊,兔,牛,牛
2022278,2022-10-05 21:32:32,45,20,48,21,19,35,03,red,blue,blue,green,red,red,blue,馬,羊,兔,馬,猴,龍,鼠
2022279,2022-10-06 21:32:32,10,29,49,22,35,41,20,blue,red,green,green,red,blue,blue,蛇,狗,虎,蛇,龍,狗,羊
2022280,2022-10-07 21:32:32,26,20,10,09,01,45,18,blue,blue,blue,blue,red,red,red,牛,羊,蛇,馬,虎,馬,雞
2022281,2022-10-08 21:32:32,05,12,22,28,15,16,49,green,red,green,green,blue,green,green,狗,兔,蛇,豬,鼠,豬,虎
2022282,2022-10-09 21:32:32,45,24,10,12,22,18,28,red,red,blue,red,green,red,green,馬,兔,蛇,兔,蛇,雞,豬
2022283,2022-10-10 21:32:32,29,36,06,28,45,22,18,red,blue,green,green,red,green,red,狗,兔,雞,豬,馬,蛇,雞
2022284,2022-10-11 21:32:32,25,14,27,28,33,49,40,blue,blue,green,green,green,green,red,虎,牛,鼠,豬,馬,虎,豬
2022285,2022-10-12 21:32:32,36,45,07,14,30,08,37,blue,red,red,blue,red,red,blue,兔,馬,猴,牛,雞,羊,虎
2022286,2022-10-13 21:32:32,41,38,03,49,04,22,09,blue,green,blue,green,blue,green,blue,狗,牛,鼠,虎,豬,蛇,馬
2022287,2022-10-14 21:32:32,21,13,11,15,04,18,43,green,red,green,blue,blue,red,green,馬,虎,龍,鼠,豬,雞,猴
2022288,2022-10-15 21:32:32,06,13,03,11,09,38,26,green,red,blue,green,blue,green,blue,雞,虎,鼠,龍,馬,牛,牛
2022289,2022-10-16 21:32:32,17,05,08,11,28,01,45,green,green,red,green,green,red,red,狗,狗,羊,龍,豬,虎,馬
2022290,2022-10-17 21:32:32,26,04,32,34,11,22,19,blue,blue,green,red,green,green,red,牛,豬,羊,蛇,龍,蛇,猴
2022291,2022-10-18 21:32:32,20,37,17,33,44,12,35,blue,blue,green,green,green,red,red,羊,虎,狗,馬,羊,兔,龍
2022292,2022-10-19 21:32:32,23,49,28,03,45,42,47,red,green,green,blue,red,blue,blue,龍,虎,豬,鼠,馬,雞,龍
2022293,2022-10-20 21:32:32,35,36,42,17,33,07,06,red,blue,blue,green,green,red,green,龍,兔,雞,狗,馬,猴,雞
2022294,2022-10-21 21:32:32,21,18,05,23,41,44,06,green,red,green,red,blue,green,green,馬,雞,狗,龍,狗,羊,雞
2022295,2022-10-22 21:32:32,23,09,19,27,33,44,10,red,blue,red,green,green,green,blue,龍,馬,猴,鼠,馬,羊,蛇
2022296,2022-10-23 21:32:32,26,34,43,36,30,40,14,blue,red,green,blue,red,red,blue,牛,蛇,猴,兔,雞,豬,牛
2022297,2022-10-24 21:32:32,14,34,46,01,02,18,17,blue,red,red,red,red,red,green,牛,蛇,蛇,虎,牛,雞,狗
2022298,2022-10-25 21:32:32,01,11,04,35,34,13,39,red,green,blue,red,red,red,green,虎,龍,豬,龍,蛇,虎,鼠
2022299,2022-10-26 21:32:32,32,48,07,33,26,04,03,green,blue,red,green,blue,blue,blue,羊,兔,猴,馬,牛,豬,鼠
2022300,2022-10-27 21:32:32,41,25,43,04,49,23,42,blue,blue,green,blue,green,red,blue,狗,虎,猴,豬,虎,龍,雞
2022301,2022-10-28 21:32:32,20,24,36,16,49,13,09,blue,red,blue,green,green,red,blue,羊,兔,兔,豬,虎,虎,馬
2022302,2022-10-29 21:32:32,13,08,06,30,49,05,44,red,red,green,red,green,green,green,虎,羊,雞,雞,虎,狗,羊
2022303,2022-10-30 21:32:32,08,43,25,37,24,48,23,red,green,blue,blue,red,blue,red,羊,猴,虎,虎,兔,兔,龍
2022304,2022-10-31 21:32:32,18,44,26,37,16,46,02,red,green,blue,blue,green,red,red,雞,羊,牛,虎,豬,蛇,牛
2022305,2022-11-01 21:32:32,35,19,20,13,23,44,48,red,red,blue,red,red,green,blue,龍,猴,羊,虎,龍,羊,兔
2022306,2022-11-02 21:32:32,01,34,04,28,20,31,33,red,red,blue,green,blue,blue,green,虎,蛇,豬,豬,羊,猴,馬
2022307,2022-11-03 21:32:32,25,23,08,46,44,49,30,blue,red,red,red,green,green,red,虎,龍,羊,蛇,羊,虎,雞
2022308,2022-11-04 21:32:32,25,31,39,26,06,44,36,blue,blue,green,blue,green,green,blue,虎,猴,鼠,牛,雞,羊,兔
2022309,2022-11-05 21:32:32,15,28,35,43,13,11,33,blue,green,red,green,red,green,green,鼠,豬,龍,猴,虎,龍,馬
2022310,2022-11-06 21:32:32,33,31,39,16,49,14,46,green,blue,green,green,green,blue,red,馬,猴,鼠,豬,虎,牛,蛇
2022311,2022-11-07 21:32:32,45,48,34,42,13,18,20,red,blue,red,blue,red,red,blue,馬,兔,蛇,雞,虎,雞,羊
2022312,2022-11-08 21:32:32,05,21,44,26,27,38,01,green,green,green,blue,green,green,red,狗,馬,羊,牛,鼠,牛,虎
2022313,2022-11-09 21:32:32,28,37,38,01,49,20,10,green,blue,green,red,green,blue,blue,豬,虎,牛,虎,虎,羊,蛇
2022314,2022-11-10 21:32:32,17,42,41,20,18,37,15,green,blue,blue,blue,red,blue,blue,狗,雞,狗,羊,雞,虎,鼠
2022315,2022-11-11 21:32:32,47,36,48,33,16,13,14,blue,blue,blue,green,green,red,blue,龍,兔,兔,馬,豬,虎,牛
2022316,2022-11-12 21:32:32,03,37,25,38,12,24,44,blue,blue,blue,green,red,red,green,鼠,虎,虎,牛,兔,兔,羊
2022317,2022-11-13 21:32:32,27,19,22,31,12,06,38,green,red,green,blue,red,green,green,鼠,猴,蛇,猴,兔,雞,牛
2022318,2022-11-14 21:32:32,34,23,26,16,44,43,11,red,red,blue,green,green,green,green,蛇,龍,牛,豬,羊,猴,龍
2022319,2022-11-15 21:32:32,04,06,48,28,42,41,03,blue,green,blue,green,blue,blue,blue,豬,雞,兔,豬,雞,狗,鼠
2022320,2022-11-16 21:32:32,28,32,49,40,41,23,38,green,green,green,red,blue,red,green,豬,羊,虎,豬,狗,龍,牛
2022321,2022-11-17 21:32:32,33,37,40,05,19,32,17,green,blue,red,green,red,green,green,馬,虎,豬,狗,猴,羊,狗
2022322,2022-11-18 21:32:32,40,48,07,34,32,41,05,red,blue,red,red,green,blue,green,豬,兔,猴,蛇,羊,狗,狗
2022323,2022-11-19 21:32:32,37,02,24,10,25,32,05,blue,red,red,blue,blue,green,green,虎,牛,兔,蛇,虎,羊,狗
2022324,2022-11-20 21:32:32,40,02,12,29,27,21,01,red,red,red,red,green,green,red,豬,牛,兔,狗,鼠,馬,虎
2022325,2022-11-21 21:32:32,07,27,35,29,47,33,08,red,green,red,red,blue,green,red,猴,鼠,龍,狗,龍,馬,羊
2022326,2022-11-22 21:32:32,49,35,10,24,08,15,11,green,red,blue,red,red,blue,green,虎,龍,蛇,兔,羊,鼠,龍
2022327,2022-11-23 21:32:32,03,45,10,07,01,27,11,blue,red,blue,red,red,green,green,鼠,馬,蛇,猴,虎,鼠,龍
2022328,2022-11-24 21:32:32,19,20,34,41,12,35,30,red,blue,red,blue,red,red,red,猴,羊,蛇,狗,兔,龍,雞
2022329,2022-11-25 21:32:32,36,43,17,24,15,47,31,blue,green,green,red,blue,blue,blue,兔,猴,狗,兔,鼠,龍,猴
2022330,2022-11-26 21:32:32,15,29,33,31,39,09,38,blue,red,green,blue,green,blue,green,鼠,狗,馬,猴,鼠,馬,牛
2022331,2022-11-27 21:32:32,06,31,18,46,38,36,29,green,blue,red,red,green,blue,red,雞,猴,雞,蛇,牛,兔,狗
2022332,2022-11-28 21:32:32,44,37,35,06,21,36,20,green,blue,red,green,green,blue,blue,羊,虎,龍,雞,馬,兔,羊
2022333,2022-11-29 21:32:32,48,30,17,16,02,04,24,blue,red,green,green,red,blue,red,兔,雞,狗,豬,牛,豬,兔
2022334,2022-11-30 21:32:32,30,21,43,48,15,42,45,red,green,green,blue,blue,blue,red,雞,馬,猴,兔,鼠,雞,馬
2022335,2022-12-01 21:32:32,21,13,34,28,42,27,26,green,red,red,green,blue,green,blue,馬,虎,蛇,豬,雞,鼠,牛
2022336,2022-12-02 21:32:32,45,44,39,27,24,29,01,red,green,green,green,red,red,red,馬,羊,鼠,鼠,兔,狗,虎
2022337,2022-12-03 21:32:32,08,13,14,31,16,39,21,red,red,blue,blue,green,green,green,羊,虎,牛,猴,豬,鼠,馬
2022338,2022-12-04 21:32:32,21,48,02,44,07,38,37,green,blue,red,green,red,green,blue,馬,兔,牛,羊,猴,牛,虎
2022339,2022-12-05 21:32:32,18,07,30,25,46,11,29,red,red,red,blue,red,green,red,雞,猴,雞,虎,蛇,龍,狗
2022340,2022-12-06 21:32:32,36,38,42,48,39,07,06,blue,green,blue,blue,green,red,green,兔,牛,雞,兔,鼠,猴,雞
2022341,2022-12-07 21:32:32,43,35,13,46,45,38,07,green,red,red,red,red,green,red,猴,龍,虎,蛇,馬,牛,猴
2022342,2022-12-08 21:32:32,19,33,04,42,10,37,03,red,green,blue,blue,blue,blue,blue,猴,馬,豬,雞,蛇,虎,鼠
2022343,2022-12-09 21:32:32,13,36,01,44,17,31,03,red,blue,red,green,green,blue,blue,虎,兔,虎,羊,狗,猴,鼠
2022344,2022-12-10 21:32:32,19,41,47,25,16,49,38,red,blue,blue,blue,green,green,green,猴,狗,龍,虎,豬,虎,牛
2022345,2022-12-11 21:32:32,12,48,28,04,31,47,25,red,blue,green,blue,blue,blue,blue,兔,兔,豬,豬,猴,龍,虎
2022346,2022-12-12 21:32:32,31,45,30,44,49,09,36,blue,red,red,green,green,blue,blue,猴,馬,雞,羊,虎,馬,兔
2022347,2022-12-13 21:32:32,32,03,23,31,02,48,26,green,blue,red,blue,red,blue,blue,羊,鼠,龍,猴,牛,兔,牛
2022348,2022-12-14 21:32:32,25,16,39,24,10,03,45,blue,green,green,red,blue,blue,red,虎,豬,鼠,兔,蛇,鼠,馬
2022349,2022-12-15 21:32:32,43,29,10,12,15,04,41,green,red,blue,red,blue,blue,blue,猴,狗,蛇,兔,鼠,豬,狗
2022350,2022-12-16 21:32:32,43,29,07,10,01,32,33,green,red,red,blue,red,green,green,猴,狗,猴,蛇,虎,羊,馬
2022351,2022-12-17 21:32:32,17,47,49,14,20,07,48,green,blue,green,blue,blue,red,blue,狗,龍,虎,牛,羊,猴,兔
2022352,2022-12-18 21:32:32,37,17,29,36,26,38,10,blue,green,red,blue,blue,green,blue,虎,狗,狗,兔,牛,牛,蛇
2022353,2022-12-19 21:32:32,34,41,48,25,17,47,02,red,blue,blue,blue,green,blue,red,蛇,狗,兔,虎,狗,龍,牛
2022354,2022-12-20 21:32:32,48,12,18,32,23,04,26,blue,red,red,green,red,blue,blue,兔,兔,雞,羊,龍,豬,牛
2022355,2022-12-21 21:32:32,48,31,10,19,38,15,13,blue,blue,blue,red,green,blue,red,兔,猴,蛇,猴,牛,鼠,虎
2022356,2022-12-22 21:32:32,47,21,29,30,13,09,35,blue,green,red,red,red,blue,red,龍,馬,狗,雞,虎,馬,龍
2022357,2022-12-23 21:32:32,37,10,06,43,02,42,30,blue,blue,green,green,red,blue,red,虎,蛇,雞,猴,牛,雞,雞
2022358,2022-12-24 21:32:32,10,12,49,48,38,32,47,blue,red,green,blue,green,green,blue,蛇,兔,虎,兔,牛,羊,龍
2022359,2022-12-25 21:32:32,24,42,23,18,10,16,48,red,blue,red,red,blue,green,blue,兔,雞,龍,雞,蛇,豬,兔
2022360,2022-12-26 21:32:32,47,03,24,12,44,16,46,blue,blue,red,red,green,green,red,龍,鼠,兔,兔,羊,豬,蛇
2022361,2022-12-27 21:32:32,38,47,28,35,34,09,48,green,blue,green,red,red,blue,blue,牛,龍,豬,龍,蛇,馬,兔
2022362,2022-12-28 21:32:32,32,02,10,43,06,08,07,green,red,blue,green,green,red,red,羊,牛,蛇,猴,雞,羊,猴
2022363,2022-12-29 21:32:32,27,36,33,42,20,11,49,green,blue,green,blue,blue,green,green,鼠,兔,馬,雞,羊,龍,虎
2022364,2022-12-30 21:32:32,47,48,03,46,20,35,17,blue,blue,blue,red,blue,red,green,龍,兔,鼠,蛇,羊,龍,狗
2022365,2022-12-31 21:32:32,06,21,10,20,03,45,22,green,green,blue,blue,blue,red,green,雞,馬,蛇,羊,鼠,馬,蛇
2023001,2023-01-01 21:32:32,01,49,14,23,31,46,32,red,green,blue,red,blue,red,green,虎,虎,牛,龍,猴,蛇,羊
2023002,2023-01-02 21:32:32,34,48,41,24,30,04,39,red,blue,blue,red,red,blue,green,蛇,兔,狗,兔,雞,豬,鼠
2023003,2023-01-03 21:32:32,10,35,43,30,47,36,18,blue,red,green,red,blue,blue,red,蛇,龍,猴,雞,龍,兔,雞
2023005,2023-01-05 21:32:32,44,09,21,36,03,49,41,green,blue,green,blue,blue,green,blue,羊,馬,馬,兔,鼠,虎,狗
2023006,2023-01-06 21:32:32,32,12,26,20,08,48,47,green,red,blue,blue,red,blue,blue,羊,兔,牛,羊,羊,兔,龍
2023007,2023-01-07 21:32:32,14,47,42,27,23,39,26,blue,blue,blue,green,red,green,blue,牛,龍,雞,鼠,龍,鼠,牛
2023008,2023-01-08 21:32:32,43,11,30,28,20,05,06,green,green,red,green,blue,green,green,猴,龍,雞,豬,羊,狗,雞
2023009,2023-01-09 21:32:32,14,23,26,49,18,43,09,blue,red,blue,green,red,green,blue,牛,龍,牛,虎,雞,猴,馬
2023010,2023-01-10 21:32:32,24,12,20,46,42,15,09,red,red,blue,red,blue,blue,blue,兔,兔,羊,蛇,雞,鼠,馬
2023011,2023-01-11 21:32:32,06,20,27,25,44,05,16,green,blue,green,blue,green,green,green,雞,羊,鼠,虎,羊,狗,豬
2023012,2023-01-12 21:32:32,06,02,23,22,10,03,49,green,red,red,green,blue,blue,green,雞,牛,龍,蛇,蛇,鼠,虎
2023013,2023-01-13 21:32:32,35,20,12,44,07,36,15,red,blue,red,green,red,blue,blue,龍,羊,兔,羊,猴,兔,鼠
2023014,2023-01-14 21:32:32,36,07,16,39,01,30,13,blue,red,green,green,red,red,red,兔,猴,豬,鼠,虎,雞,虎
2023015,2023-01-15 21:32:32,40,42,30,16,07,08,12,red,blue,red,green,red,red,red,豬,雞,雞,豬,猴,羊,兔
2023016,2023-01-16 21:32:32,43,25,38,06,17,11,36,green,blue,green,green,green,green,blue,猴,虎,牛,雞,狗,龍,兔
2023017,2023-01-17 21:32:32,23,13,33,07,49,05,48,red,red,green,red,green,green,blue,龍,虎,馬,猴,虎,狗,兔
2023018,2023-01-18 21:32:32,35,29,17,11,46,32,26,red,red,green,green,red,green,blue,龍,狗,狗,龍,蛇,羊,牛
2023019,2023-01-19 21:32:32,30,45,15,17,12,19,32,red,red,blue,green,red,red,green,雞,馬,鼠,狗,兔,猴,羊
2023020,2023-01-20 21:32:32,44,31,26,04,38,03,49,green,blue,blue,blue,green,blue,green,羊,猴,牛,豬,牛,鼠,虎
2023021,2023-01-21 21:32:32,47,37,27,39,19,18,45,blue,blue,green,green,red,red,red,龍,虎,鼠,鼠,猴,雞,馬
2023022,2023-01-22 21:32:32,40,12,14,19,18,02,07,red,red,blue,red,red,red,red,鼠,龍,虎,雞,狗,虎,雞
2023023,2023-01-23 21:32:32,17,47,34,44,27,13,40,green,blue,red,green,green,red,red,豬,蛇,馬,猴,牛,兔,鼠
2023024,2023-01-24 21:32:32,02,38,01,48,27,11,36,red,green,red,blue,green,green,blue,虎,虎,兔,龍,牛,蛇,龍
2023025,2023-01-25 21:32:32,04,11,16,38,29,26,09,blue,green,green,green,red,blue,blue,鼠,蛇,鼠,虎,豬,虎,羊
2023026,2023-01-26 21:32:32,45,06,43,25,05,34,32,red,green,green,blue,green,red,green,羊,狗,雞,兔,豬,馬,猴
2023027,2023-01-27 21:32:32,12,43,30,09,02,36,35,red,green,red,blue,red,blue,red,龍,雞,狗,羊,虎,龍,蛇
2023028,2023-01-28 21:32:32,45,19,12,48,28,20,02,red,red,red,blue,green,blue,red,羊,雞,龍,龍,鼠,猴,虎
2023029,2023-01-29 21:32:32,24,47,40,42,08,36,18,red,blue,red,blue,red,blue,red,龍,蛇,鼠,狗,猴,龍,狗
2023030,2023-01-30 21:32:32,07,01,43,48,37,44,36,red,red,green,blue,blue,green,blue,雞,兔,雞,龍,兔,猴,龍
2023031,2023-01-31 21:32:32,23,09,42,44,37,10,11,red,blue,blue,green,blue,blue,green,蛇,羊,狗,猴,兔,馬,蛇
2023032,2023-02-01 21:32:32,38,07,08,01,30,19,11,green,red,red,red,red,red,green,虎,雞,猴,兔,狗,雞,蛇
2023033,2023-02-02 21:32:32,14,16,13,41,07,20,04,blue,green,red,blue,red,blue,blue,虎,鼠,兔,豬,雞,猴,鼠
2023034,2023-02-03 21:32:32,02,30,15,41,34,42,47,red,red,blue,blue,red,blue,blue,虎,狗,牛,豬,馬,狗,蛇
2023035,2023-02-04 21:32:32,34,10,42,27,32,38,48,red,blue,blue,green,green,green,blue,馬,馬,狗,牛,猴,虎,龍
2023036,2023-02-05 21:32:32,09,35,03,14,01,42,04,blue,red,blue,blue,red,blue,blue,羊,蛇,牛,虎,兔,狗,鼠
2023037,2023-02-06 21:32:32,47,23,44,45,39,42,21,blue,red,green,red,green,blue,green,蛇,蛇,猴,羊,牛,狗,羊
2023038,2023-02-07 21:32:32,41,04,01,21,47,38,30,blue,blue,red,green,blue,green,red,豬,鼠,兔,羊,蛇,虎,狗
2023039,2023-02-08 21:32:32,17,42,10,08,07,26,09,green,blue,blue,red,red,blue,blue,豬,狗,馬,猴,雞,虎,羊
2023040,2023-02-09 21:32:32,18,01,22,39,28,02,31,red,red,green,green,green,red,blue,狗,兔,馬,牛,鼠,虎,雞
2023041,2023-02-10 21:32:32,09,37,29,34,05,22,23,blue,blue,red,red,green,green,red,羊,兔,豬,馬,豬,馬,蛇
2023042,2023-02-11 21:32:32,06,20,19,34,02,16,05,green,blue,red,red,red,green,green,狗,猴,雞,馬,虎,鼠,豬
2023043,2023-02-12 21:32:32,06,41,23,13,21,05,39,green,blue,red,red,green,green,green,狗,豬,蛇,兔,羊,豬,牛
2023044,2023-02-13 21:32:32,08,32,44,49,15,07,11,red,green,green,green,blue,red,green,猴,猴,猴,兔,牛,雞,蛇
2023045,2023-02-14 21:32:32,31,03,07,26,05,18,16,blue,blue,red,blue,green,red,green,雞,牛,雞,虎,豬,狗,鼠
2023046,2023-02-15 21:32:32,44,25,11,13,40,08,30,green,blue,green,red,red,red,red,猴,兔,蛇,兔,鼠,猴,狗
2023047,2023-02-16 21:32:32,38,45,43,28,02,31,12,green,red,green,green,red,blue,red,虎,羊,雞,鼠,虎,雞,龍
2023048,2023-02-17 21:32:32,10,19,25,26,29,22,02,blue,red,blue,blue,red,green,red,馬,雞,兔,虎,豬,馬,虎
2023049,2023-02-18 21:32:32,35,16,29,11,19,43,13,red,green,red,green,red,green,red,蛇,鼠,豬,蛇,雞,雞,兔
2023050,2023-02-19 21:32:32,22,26,32,43,11,49,23,green,blue,green,green,green,green,red,馬,虎,猴,雞,蛇,兔,蛇
2023051,2023-02-20 21:32:32,40,35,29,26,46,11,05,red,red,red,blue,red,green,green,鼠,蛇,豬,虎,馬,蛇,豬
2023052,2023-02-21 21:32:32,27,01,03,08,29,28,26,green,red,blue,red,red,green,blue,牛,兔,牛,猴,豬,鼠,虎
2023053,2023-02-22 21:32:32,35,31,38,41,43,36,21,red,blue,green,blue,green,blue,green,蛇,雞,虎,豬,雞,龍,羊
2023054,2023-02-23 21:32:32,24,19,14,37,45,43,46,red,red,blue,blue,red,green,red,龍,雞,虎,兔,羊,雞,馬
2023055,2023-02-24 21:32:32,18,27,11,46,31,03,06,red,green,green,red,blue,blue,green,狗,牛,蛇,馬,雞,牛,狗
2023056,2023-02-25 21:32:32,01,35,31,16,48,28,21,red,red,blue,green,blue,green,green,兔,蛇,雞,鼠,龍,鼠,羊
2023057,2023-02-26 21:32:32,18,24,32,21,30,38,03,red,red,green,green,red,green,blue,狗,龍,猴,羊,狗,虎,牛
2023058,2023-02-27 21:32:32,39,37,09,19,16,47,49,green,blue,blue,red,green,blue,green,牛,兔,羊,雞,鼠,蛇,兔
2023059,2023-02-28 21:32:32,41,45,49,31,40,44,39,blue,red,green,blue,red,green,green,豬,羊,兔,雞,鼠,猴,牛
2023060,2023-03-01 21:32:32,17,36,45,02,48,11,04,green,blue,red,red,blue,green,blue,豬,龍,羊,虎,龍,蛇,鼠
2023061,2023-03-02 21:32:32,16,12,39,27,36,41,46,green,red,green,green,blue,blue,red,鼠,龍,牛,牛,龍,豬,馬
2023062,2023-03-03 21:32:32,45,40,33,08,39,46,27,red,red,green,red,green,red,green,羊,鼠,羊,猴,牛,馬,牛
2023063,2023-03-04 21:32:32,10,35,49,22,34,33,32,blue,red,green,green,red,green,green,馬,蛇,兔,馬,馬,羊,猴
2023064,2023-03-05 21:32:32,26,28,45,08,21,02,46,blue,green,red,red,green,red,red,虎,鼠,羊,猴,羊,虎,馬
2023065,2023-03-06 21:32:32,41,30,10,17,34,14,09,blue,red,blue,green,red,blue,blue,豬,狗,馬,豬,馬,虎,羊
2023066,2023-03-07 21:32:32,47,24,23,02,27,28,42,blue,red,red,red,green,green,blue,蛇,龍,蛇,虎,牛,鼠,狗
2023067,2023-03-08 21:32:32,27,33,38,13,43,39,08,green,green,green,red,green,green,red,牛,羊,虎,兔,雞,牛,猴
2023068,2023-03-09 21:32:32,25,22,08,17,14,46,48,blue,green,red,green,blue,red,blue,兔,馬,猴,豬,虎,馬,龍
2023069,2023-03-10 21:32:32,40,25,43,12,32,06,20,red,blue,green,red,green,green,blue,鼠,兔,雞,龍,猴,狗,猴
2023070,2023-03-11 21:32:32,36,28,17,37,22,01,40,blue,green,green,blue,green,red,red,龍,鼠,豬,兔,馬,兔,鼠
2023071,2023-03-12 21:32:32,11,42,13,43,10,32,49,green,blue,red,green,blue,green,green,蛇,狗,兔,雞,馬,猴,兔
2023072,2023-03-13 21:32:32,48,33,17,40,20,16,06,blue,green,green,red,blue,green,green,龍,羊,豬,鼠,猴,鼠,狗
2023073,2023-03-14 21:32:32,27,12,42,01,10,24,09,green,red,blue,red,blue,red,blue,牛,龍,狗,兔,馬,龍,羊
2023074,2023-03-15 21:32:32,40,12,20,08,33,29,02,red,red,blue,red,green,red,red,鼠,龍,猴,猴,羊,豬,虎
2023075,2023-03-16 21:32:32,39,45,19,09,11,49,18,green,red,red,blue,green,green,red,牛,羊,雞,羊,蛇,兔,狗
2023076,2023-03-17 21:32:32,09,12,38,14,47,45,07,blue,red,green,blue,blue,red,red,羊,龍,虎,虎,蛇,羊,雞
2023077,2023-03-18 21:32:32,47,30,37,39,22,44,21,blue,red,blue,green,green,green,green,蛇,狗,兔,牛,馬,猴,羊
2023078,2023-03-19 21:32:32,45,30,05,49,25,22,37,red,red,green,green,blue,green,blue,羊,狗,豬,兔,兔,馬,兔
2023079,2023-03-20 21:32:32,22,25,15,41,48,12,05,green,blue,blue,blue,blue,red,green,馬,兔,牛,豬,龍,龍,豬
2023080,2023-03-21 21:32:32,13,10,39,28,22,21,19,red,blue,green,green,green,green,red,兔,馬,牛,鼠,馬,羊,雞
2023081,2023-03-22 21:32:32,21,24,18,17,27,39,35,green,red,red,green,green,green,red,羊,龍,狗,豬,牛,牛,蛇
2023082,2023-03-23 21:32:32,23,30,13,36,43,02,25,red,red,red,blue,green,red,blue,蛇,狗,兔,龍,雞,虎,兔
2023083,2023-03-24 21:32:32,11,16,18,15,44,28,01,green,green,red,blue,green,green,red,蛇,鼠,狗,牛,猴,鼠,兔
2023084,2023-03-25 21:32:32,25,43,34,04,20,38,39,blue,green,red,blue,blue,green,green,兔,雞,馬,鼠,猴,虎,牛
2023085,2023-03-26 21:32:32,36,38,40,24,31,06,37,blue,green,red,red,blue,green,blue,龍,虎,鼠,龍,雞,狗,兔
2023086,2023-03-27 21:32:32,32,37,14,24,01,10,30,green,blue,blue,red,red,blue,red,猴,兔,虎,龍,兔,馬,狗
2023087,2023-03-28 21:32:32,03,45,18,01,14,44,31,blue,red,red,red,blue,green,blue,牛,羊,狗,兔,虎,猴,雞
2023088,2023-03-29 21:32:32,06,32,17,14,37,47,27,green,green,green,blue,blue,blue,green,狗,猴,豬,虎,兔,蛇,牛
2023089,2023-03-30 21:32:32,29,05,31,08,14,45,06,red,green,blue,red,blue,red,green,豬,豬,雞,猴,虎,羊,狗
2023090,2023-03-31 21:32:32,21,13,41,12,24,48,30,green,red,blue,red,red,blue,red,羊,兔,豬,龍,龍,龍,狗
2023091,2023-04-01 21:32:32,06,08,13,32,40,28,35,green,red,red,green,red,green,red,狗,猴,兔,猴,鼠,鼠,蛇
2023092,2023-04-02 21:32:32,48,27,17,20,39,10,33,blue,green,green,blue,green,blue,green,龍,牛,豬,猴,牛,馬,羊
2023093,2023-04-03 21:32:32,02,49,37,16,36,04,44,red,green,blue,green,blue,blue,green,虎,兔,兔,鼠,龍,鼠,猴
2023094,2023-04-04 21:32:32,09,05,39,43,38,11,01,blue,green,green,green,green,green,red,羊,豬,牛,雞,虎,蛇,兔
2023095,2023-04-05 21:32:32,11,30,09,25,41,04,24,green,red,blue,blue,blue,blue,red,蛇,狗,羊,兔,豬,鼠,龍
2023096,2023-04-06 21:32:32,25,16,08,07,01,26,04,blue,green,red,red,red,blue,blue,兔,鼠,猴,雞,兔,虎,鼠
2023097,2023-04-07 21:32:32,18,40,30,47,14,44,13,red,red,red,blue,blue,green,red,狗,鼠,狗,蛇,虎,猴,兔
2023098,2023-04-08 21:32:32,39,35,16,21,45,11,28,green,red,green,green,red,green,green,牛,蛇,鼠,羊,羊,蛇,鼠
2023099,2023-04-09 21:32:32,08,11,32,44,29,04,06,red,green,green,green,red,blue,green,猴,蛇,猴,猴,豬,鼠,狗
2023100,2023-04-10 21:32:32,35,38,29,39,41,02,08,red,green,red,green,blue,red,red,蛇,虎,豬,牛,豬,虎,猴
2023101,2023-04-11 21:32:32,49,21,41,35,45,32,23,green,green,blue,red,red,green,red,兔,羊,豬,蛇,羊,猴,蛇
2023102,2023-04-12 21:32:32,30,19,35,41,10,46,47,red,red,red,blue,blue,red,blue,狗,雞,蛇,豬,馬,馬,蛇
2023103,2023-04-13 21:32:32,15,16,12,20,31,23,39,blue,green,red,blue,blue,red,green,牛,鼠,龍,猴,雞,蛇,牛
2023104,2023-04-14 21:32:32,06,29,17,31,12,26,24,green,red,green,blue,red,blue,red,狗,豬,豬,雞,龍,虎,龍
2023105,2023-04-15 21:32:32,47,44,24,40,20,12,33,blue,green,red,red,blue,red,green,蛇,猴,龍,鼠,猴,龍,羊
2023106,2023-04-16 21:32:32,43,48,41,12,30,45,16,green,blue,blue,red,red,red,green,雞,龍,豬,龍,狗,羊,鼠
2023107,2023-04-17 21:32:32,19,04,06,47,46,21,28,red,blue,green,blue,red,green,green,雞,鼠,狗,蛇,馬,羊,鼠
2023108,2023-04-18 21:32:32,39,49,41,09,47,11,20,green,green,blue,blue,blue,green,blue,牛,兔,豬,羊,蛇,蛇,猴
2023109,2023-04-19 21:32:32,47,38,26,03,15,09,36,blue,green,blue,blue,blue,blue,blue,蛇,虎,虎,牛,牛,羊,龍
2023110,2023-04-20 21:32:32,29,35,44,49,13,11,16,red,red,green,green,red,green,green,豬,蛇,猴,兔,兔,蛇,鼠
2023111,2023-04-21 21:32:32,37,12,36,13,45,16,18,blue,red,blue,red,red,green,red,兔,龍,龍,兔,羊,鼠,狗
2023112,2023-04-22 21:32:32,43,17,48,47,12,40,14,green,green,blue,blue,red,red,blue,雞,豬,龍,蛇,龍,鼠,虎
2023113,2023-04-23 21:32:32,41,15,23,48,32,13,01,blue,blue,red,blue,green,red,red,豬,牛,蛇,龍,猴,兔,兔
2023114,2023-04-24 21:32:32,31,11,25,26,23,17,43,blue,green,blue,blue,red,green,green,雞,蛇,兔,虎,蛇,豬,雞
2023115,2023-04-25 21:32:32,04,39,40,46,49,32,15,blue,green,red,red,green,green,blue,鼠,牛,鼠,馬,兔,猴,牛
2023116,2023-04-26 21:32:32,07,14,02,21,06,28,49,red,blue,red,green,green,green,green,雞,虎,虎,羊,狗,鼠,兔
2023117,2023-04-27 21:32:32,22,30,38,03,39,14,41,green,red,green,blue,green,blue,blue,馬,狗,虎,牛,牛,虎,豬
2023118,2023-04-28 21:32:32,41,30,13,02,15,10,01,blue,red,red,red,blue,blue,red,豬,狗,兔,虎,牛,馬,兔
2023119,2023-04-29 21:32:32,33,16,20,23,22,48,28,green,green,blue,red,green,blue,green,羊,鼠,猴,蛇,馬,龍,鼠
2023120,2023-04-30 21:32:32,25,27,49,39,37,22,44,blue,green,green,green,blue,green,green,兔,牛,兔,牛,兔,馬,猴
2023121,2023-05-01 21:32:32,08,23,42,41,03,20,30,red,red,blue,blue,blue,blue,red,猴,蛇,狗,豬,牛,猴,狗
2023122,2023-05-02 21:32:32,09,45,37,01,28,30,42,blue,red,blue,red,green,red,blue,羊,羊,兔,兔,鼠,狗,狗
2023123,2023-05-03 21:32:32,48,40,15,19,36,04,21,blue,red,blue,red,blue,blue,green,龍,鼠,牛,雞,龍,鼠,羊
2023124,2023-05-04 21:32:32,42,34,26,32,28,29,35,blue,red,blue,green,green,red,red,狗,馬,虎,猴,鼠,豬,蛇
2023125,2023-05-05 21:32:32,09,26,28,05,16,12,22,blue,blue,green,green,green,red,green,羊,虎,鼠,豬,鼠,龍,馬
2023126,2023-05-06 21:32:32,24,29,10,38,20,31,11,red,red,blue,green,blue,blue,green,龍,豬,馬,虎,猴,雞,蛇
2023127,2023-05-07 21:32:32,05,42,30,20,28,24,02,green,blue,red,blue,green,red,red,豬,狗,狗,猴,鼠,龍,虎
2023128,2023-05-08 21:32:32,20,07,14,12,23,47,31,blue,red,blue,red,red,blue,blue,猴,雞,虎,龍,蛇,蛇,雞
2023129,2023-05-09 21:32:32,07,46,34,15,45,14,35,red,red,red,blue,red,blue,red,雞,馬,馬,牛,羊,虎,蛇
2023130,2023-05-10 21:32:32,40,14,24,18,07,32,21,red,blue,red,red,red,green,green,鼠,虎,龍,狗,雞,猴,羊
2023131,2023-05-11 21:32:32,28,05,38,23,29,08,43,green,green,green,red,red,red,green,鼠,豬,虎,蛇,豬,猴,雞
2023132,2023-05-12 21:32:32,46,28,05,26,20,03,06,red,green,green,blue,blue,blue,green,馬,鼠,豬,虎,猴,牛,狗
2023133,2023-05-13 21:32:32,30,06,15,26,13,12,43,red,green,blue,blue,red,red,green,狗,狗,牛,虎,兔,龍,雞
2023134,2023-05-14 21:32:32,31,19,15,45,36,02,09,blue,red,blue,red,blue,red,blue,雞,雞,牛,羊,龍,虎,羊
2023135,2023-05-15 21:32:32,08,06,03,09,12,27,07,red,green,blue,blue,red,green,red,猴,狗,牛,羊,龍,牛,雞
2023136,2023-05-16 21:32:32,04,43,31,32,03,24,14,blue,green,blue,green,blue,red,blue,鼠,雞,雞,猴,牛,龍,虎
2023137,2023-05-17 21:32:32,19,18,29,43,07,33,06,red,red,red,green,red,green,green,雞,狗,豬,雞,雞,羊,狗
2023138,2023-05-18 21:32:32,47,33,49,17,16,29,01,blue,green,green,green,green,red,red,蛇,羊,兔,豬,鼠,豬,兔
2023139,2023-05-19 21:32:32,24,09,39,36,12,11,07,red,blue,green,blue,red,green,red,龍,羊,牛,龍,龍,蛇,雞
2023140,2023-05-20 21:32:32,37,29,33,25,41,45,13,blue,red,green,blue,blue,red,red,兔,豬,羊,兔,豬,羊,兔
2023141,2023-05-21 21:32:32,49,36,41,19,15,14,17,green,blue,blue,red,blue,blue,green,兔,龍,豬,雞,牛,虎,豬
2023142,2023-05-22 21:32:32,28,47,26,49,34,03,05,green,blue,blue,green,red,blue,green,鼠,蛇,虎,兔,馬,牛,豬
2023143,2023-05-23 21:32:32,41,32,44,12,46,25,29,blue,green,green,red,red,blue,red,豬,猴,猴,龍,馬,兔,豬
2023144,2023-05-24 21:32:32,25,28,16,49,34,26,37,blue,green,green,green,red,blue,blue,兔,鼠,鼠,兔,馬,虎,兔
2023145,2023-05-25 21:32:32,44,33,20,30,04,46,06,green,green,blue,red,blue,red,green,猴,羊,猴,狗,鼠,馬,狗
2023146,2023-05-26 21:32:32,01,36,44,16,43,30,14,red,blue,green,green,green,red,blue,兔,龍,猴,鼠,雞,狗,虎
2023147,2023-05-27 21:32:32,09,11,29,47,30,08,22,blue,green,red,blue,red,red,green,羊,蛇,豬,蛇,狗,猴,馬
2023148,2023-05-28 21:32:32,15,42,38,41,37,31,01,blue,blue,green,blue,blue,blue,red,牛,狗,虎,豬,兔,雞,兔
2023149,2023-05-29 21:32:32,10,03,12,29,14,31,33,blue,blue,red,red,blue,blue,green,馬,牛,龍,豬,虎,雞,羊
2023150,2023-05-30 21:32:32,15,14,29,02,04,07,06,blue,blue,red,red,blue,red,green,牛,虎,豬,虎,鼠,雞,狗
2023151,2023-05-31 21:32:32,15,29,43,16,35,33,30,blue,red,green,green,red,green,red,牛,豬,雞,鼠,蛇,羊,狗
2023152,2023-06-01 21:32:32,32,23,19,41,29,17,12,green,red,red,blue,red,green,red,猴,蛇,雞,豬,豬,豬,龍
2023153,2023-06-02 21:32:32,22,23,42,29,37,12,19,green,red,blue,red,blue,red,red,馬,蛇,狗,豬,兔,龍,雞
2023154,2023-06-03 21:32:32,35,47,01,25,08,32,03,red,blue,red,blue,red,green,blue,蛇,蛇,兔,兔,猴,猴,牛
2023155,2023-06-04 21:32:32,38,36,42,40,23,21,07,green,blue,blue,red,red,green,red,虎,龍,狗,鼠,蛇,羊,雞
2023156,2023-06-05 21:32:32,04,22,37,01,25,46,43,blue,green,blue,red,blue,red,green,鼠,馬,兔,兔,兔,馬,雞
2023157,2023-06-06 21:32:32,48,03,33,49,35,46,44,blue,blue,green,green,red,red,green,龍,牛,羊,兔,蛇,馬,猴
2023158,2023-06-07 21:32:32,29,38,49,48,18,10,04,red,green,green,blue,red,blue,blue,豬,虎,兔,龍,狗,馬,鼠
2023159,2023-06-08 21:32:32,31,08,01,20,38,45,14,blue,red,red,blue,green,red,blue,雞,猴,兔,猴,虎,羊,虎
2023160,2023-06-09 21:32:32,22,45,01,03,24,17,42,green,red,red,blue,red,green,blue,馬,羊,兔,牛,龍,豬,狗
2023161,2023-06-10 21:32:32,41,19,34,12,15,44,05,blue,red,red,red,blue,green,green,豬,雞,馬,龍,牛,猴,豬
2023162,2023-06-11 21:32:32,07,28,26,11,02,24,17,red,green,blue,green,red,red,green,雞,鼠,虎,蛇,虎,龍,豬
2023163,2023-06-12 21:32:32,35,31,39,30,06,44,37,red,blue,green,red,green,green,blue,蛇,雞,牛,狗,狗,猴,兔
2023164,2023-06-13 21:32:32,15,42,04,26,02,30,10,blue,blue,blue,blue,red,red,blue,牛,狗,鼠,虎,虎,狗,馬
2023165,2023-06-14 21:32:32,14,22,01,05,40,16,17,blue,green,red,green,red,green,green,虎,馬,兔,豬,鼠,鼠,豬
2023166,2023-06-15 21:32:32,27,41,07,04,25,17,06,green,blue,red,blue,blue,green,green,牛,豬,雞,鼠,兔,豬,狗
2023167,2023-06-16 21:32:32,49,31,01,15,18,32,46,green,blue,red,blue,red,green,red,兔,雞,兔,牛,狗,猴,馬
2023168,2023-06-17 21:32:32,18,29,21,33,42,49,12,red,red,green,green,blue,green,red,狗,豬,羊,羊,狗,兔,龍
2023169,2023-06-18 21:32:32,46,42,02,26,32,30,04,red,blue,red,blue,green,red,blue,馬,狗,虎,虎,猴,狗,鼠
2023170,2023-06-19 21:32:32,15,31,34,24,05,01,10,blue,blue,red,red,green,red,blue,牛,雞,馬,龍,豬,兔,馬
2023171,2023-06-20 21:32:32,39,35,48,47,41,09,10,green,red,blue,blue,blue,blue,blue,牛,蛇,龍,蛇,豬,羊,馬
2023172,2023-06-21 21:32:32,38,40,03,31,33,08,12,green,red,blue,blue,green,red,red,虎,鼠,牛,雞,羊,猴,龍
2023173,2023-06-22 21:32:32,40,10,08,31,09,25,36,red,blue,red,blue,blue,blue,blue,鼠,馬,猴,雞,羊,兔,龍
2023174,2023-06-23 21:32:32,34,20,12,19,28,18,41,red,blue,red,red,green,red,blue,馬,猴,龍,雞,鼠,狗,豬
2023175,2023-06-24 21:32:32,30,37,12,44,24,20,06,red,blue,red,green,red,blue,green,狗,兔,龍,猴,龍,猴,狗
2023176,2023-06-25 21:32:32,26,43,37,45,46,02,32,blue,green,blue,red,red,red,green,虎,雞,兔,羊,馬,虎,猴
2023177,2023-06-26 21:32:32,33,24,40,32,34,01,44,green,red,red,green,red,red,green,羊,龍,鼠,猴,馬,兔,猴
2023178,2023-06-27 21:32:32,35,21,10,18,14,36,02,red,green,blue,red,blue,blue,red,蛇,羊,馬,狗,虎,龍,虎
2023179,2023-06-28 21:32:32,48,28,35,07,25,03,04,blue,green,red,red,blue,blue,blue,龍,鼠,蛇,雞,兔,牛,鼠
2023180,2023-06-29 21:32:32,48,24,40,16,38,22,34,blue,red,red,green,green,green,red,龍,龍,鼠,鼠,虎,馬,馬
2023181,2023-06-30 21:32:32,32,02,17,45,08,19,23,green,red,green,red,red,red,red,猴,虎,豬,羊,猴,雞,蛇
2023182,2023-07-01 21:32:32,01,04,41,18,29,32,08,red,blue,blue,red,red,green,red,兔,鼠,豬,狗,豬,猴,猴
2023183,2023-07-02 21:32:32,16,03,25,23,49,37,43,green,blue,blue,red,green,blue,green,鼠,牛,兔,蛇,兔,兔,雞
2023184,2023-07-03 21:32:32,25,08,21,19,43,22,36,blue,red,green,red,green,green,blue,兔,猴,羊,雞,雞,馬,龍
2023185,2023-07-04 21:32:32,31,07,29,03,46,18,08,blue,red,red,blue,red,red,red,雞,雞,豬,牛,馬,狗,猴
2023186,2023-07-05 21:32:32,35,24,04,27,47,18,01,red,red,blue,green,blue,red,red,蛇,龍,鼠,牛,蛇,狗,兔
2023187,2023-07-06 21:32:32,01,05,24,34,19,28,31,red,green,red,red,red,green,blue,兔,豬,龍,馬,雞,鼠,雞
2023188,2023-07-07 21:32:32,18,04,27,13,31,33,46,red,blue,green,red,blue,green,red,狗,鼠,牛,兔,雞,羊,馬
2023189,2023-07-08 21:32:32,25,04,07,10,22,41,46,blue,blue,red,blue,green,blue,red,兔,鼠,雞,馬,馬,豬,馬
2023190,2023-07-09 21:32:32,42,49,17,23,14,43,03,blue,green,green,red,blue,green,blue,狗,兔,豬,蛇,虎,雞,牛
2023191,2023-07-10 21:32:32,01,21,17,27,29,31,48,red,green,green,green,red,blue,blue,兔,羊,豬,牛,豬,雞,龍
2023192,2023-07-11 21:32:32,02,04,35,27,17,29,44,red,blue,red,green,green,red,green,虎,鼠,蛇,牛,豬,豬,猴
2023193,2023-07-12 21:32:32,44,13,02,37,46,21,08,green,red,red,blue,red,green,red,猴,兔,虎,兔,馬,羊,猴
2023194,2023-07-13 21:32:32,37,08,44,26,43,06,31,blue,red,green,blue,green,green,blue,兔,猴,猴,虎,雞,狗,雞
2023195,2023-07-14 21:32:32,16,14,47,03,35,36,29,green,blue,blue,blue,red,blue,red,鼠,虎,蛇,牛,蛇,龍,豬
2023196,2023-07-15 21:32:32,24,05,26,04,34,43,47,red,green,blue,blue,red,green,blue,龍,豬,虎,鼠,馬,雞,蛇
2023197,2023-07-16 21:32:32,39,10,09,34,40,17,32,green,blue,blue,red,red,green,green,牛,馬,羊,馬,鼠,豬,猴
2023198,2023-07-17 21:32:32,27,41,34,48,45,33,18,green,blue,red,blue,red,green,red,牛,豬,馬,龍,羊,羊,狗
2023199,2023-07-18 21:32:32,33,42,36,21,28,49,08,green,blue,blue,green,green,green,red,羊,狗,龍,羊,鼠,兔,猴
2023200,2023-07-19 21:32:32,36,34,45,26,42,33,44,blue,red,red,blue,blue,green,green,龍,馬,羊,虎,狗,羊,猴
2023201,2023-07-20 21:32:32,27,35,32,41,19,29,03,green,red,green,blue,red,red,blue,牛,蛇,猴,豬,雞,豬,牛
2023202,2023-07-21 21:32:32,33,26,01,27,10,02,04,green,blue,red,green,blue,red,blue,羊,虎,兔,牛,馬,虎,鼠
2023203,2023-07-22 21:32:32,22,14,36,19,06,33,25,green,blue,blue,red,green,green,blue,馬,虎,龍,雞,狗,羊,兔
2023204,2023-07-23 21:32:32,40,02,17,23,37,15,03,red,red,green,red,blue,blue,blue,鼠,虎,豬,蛇,兔,牛,牛
2023205,2023-07-24 21:32:32,03,31,33,17,24,36,11,blue,blue,green,green,red,blue,green,牛,雞,羊,豬,龍,龍,蛇
2023206,2023-07-25 21:32:32,31,21,42,23,03,17,38,blue,green,blue,red,blue,green,green,雞,羊,狗,蛇,牛,豬,虎
2023207,2023-07-26 21:32:32,47,07,19,15,10,37,49,blue,red,red,blue,blue,blue,green,蛇,雞,雞,牛,馬,兔,兔
2023208,2023-07-27 21:32:32,04,03,46,24,35,07,28,blue,blue,red,red,red,red,green,鼠,牛,馬,龍,蛇,雞,鼠
2023209,2023-07-28 21:32:32,02,03,19,42,39,48,40,red,blue,red,blue,green,blue,red,虎,牛,雞,狗,牛,龍,鼠
2023210,2023-07-29 21:32:32,10,22,08,03,27,06,07,blue,green,red,blue,green,green,red,馬,馬,猴,牛,牛,狗,雞
2023211,2023-07-30 21:32:32,22,25,09,23,30,18,28,green,blue,blue,red,red,red,green,馬,兔,羊,蛇,狗,狗,鼠
2023212,2023-07-31 21:32:32,27,39,32,09,26,11,34,green,green,green,blue,blue,green,red,牛,牛,猴,羊,虎,蛇,馬
2023213,2023-08-01 21:32:32,38,29,09,41,27,46,42,green,red,blue,blue,green,red,blue,虎,豬,羊,豬,牛,馬,狗
2023214,2023-08-02 21:32:32,12,49,34,48,37,47,14,red,green,red,blue,blue,blue,blue,龍,兔,馬,龍,兔,蛇,虎
2023215,2023-08-03 21:32:32,09,12,30,25,29,19,49,blue,red,red,blue,red,red,green,羊,龍,狗,兔,豬,雞,兔
2023216,2023-08-04 21:32:32,22,39,12,35,01,20,36,green,green,red,red,red,blue,blue,馬,牛,龍,蛇,兔,猴,龍
2023217,2023-08-05 21:32:32,41,37,06,01,02,46,18,blue,blue,green,red,red,red,red,豬,兔,狗,兔,虎,馬,狗
2023218,2023-08-06 21:32:32,41,10,21,37,11,31,19,blue,blue,green,blue,green,blue,red,豬,馬,羊,兔,蛇,雞,雞
2023219,2023-08-07 21:32:32,41,45,31,17,22,30,10,blue,red,blue,green,green,red,blue,豬,羊,雞,豬,馬,狗,馬
2023220,2023-08-08 21:32:32,18,17,22,46,32,26,20,red,green,green,red,green,blue,blue,狗,豬,馬,馬,猴,虎,猴
2023221,2023-08-09 21:32:32,43,26,01,33,27,06,38,green,blue,red,green,green,green,green,雞,虎,兔,羊,牛,狗,虎
2023222,2023-08-10 21:32:32,14,04,34,09,15,38,31,blue,blue,red,blue,blue,green,blue,虎,鼠,馬,羊,牛,虎,雞
2023223,2023-08-11 21:32:32,12,39,19,05,27,06,09,red,green,red,green,green,green,blue,龍,牛,雞,豬,牛,狗,羊
2023224,2023-08-12 21:32:32,03,28,42,25,07,22,45,blue,green,blue,blue,red,green,red,牛,鼠,狗,兔,雞,馬,羊
2023225,2023-08-13 21:32:32,31,14,13,08,22,16,29,blue,blue,red,red,green,green,red,雞,虎,兔,猴,馬,鼠,豬
2023226,2023-08-14 21:32:32,13,41,09,31,16,38,20,red,blue,blue,blue,green,green,blue,兔,豬,羊,雞,鼠,虎,猴
2023227,2023-08-15 21:32:32,38,21,19,33,31,49,03,green,green,red,green,blue,green,blue,虎,羊,雞,羊,雞,兔,牛
2023228,2023-08-16 21:32:32,25,36,26,17,24,45,29,blue,blue,blue,green,red,red,red,兔,龍,虎,豬,龍,羊,豬
2023229,2023-08-17 21:32:32,28,15,45,37,03,11,33,green,blue,red,blue,blue,green,green,鼠,牛,羊,兔,牛,蛇,羊
2023230,2023-08-18 21:32:32,47,07,26,17,44,48,36,blue,red,blue,green,green,blue,blue,蛇,雞,虎,豬,猴,龍,龍
2023231,2023-08-19 21:32:32,34,16,01,21,42,41,45,red,green,red,green,blue,blue,red,馬,鼠,兔,羊,狗,豬,羊
2023232,2023-08-20 21:32:32,40,42,24,02,17,23,13,red,blue,red,red,green,red,red,鼠,狗,龍,虎,豬,蛇,兔
2023233,2023-08-21 21:32:32,25,23,45,05,41,13,12,blue,red,red,green,blue,red,red,兔,蛇,羊,豬,豬,兔,龍
2023234,2023-08-22 21:32:32,21,20,34,07,01,43,13,green,blue,red,red,red,green,red,羊,猴,馬,雞,兔,雞,兔
2023235,2023-08-23 21:32:32,27,34,26,48,45,10,04,green,red,blue,blue,red,blue,blue,牛,馬,虎,龍,羊,馬,鼠
2023236,2023-08-24 21:32:32,23,22,09,04,37,46,19,red,green,blue,blue,blue,red,red,蛇,馬,羊,鼠,兔,馬,雞
2023237,2023-08-25 21:32:32,46,24,29,13,48,23,15,red,red,red,red,blue,red,blue,馬,龍,豬,兔,龍,蛇,牛
2023238,2023-08-26 21:32:32,19,04,42,30,07,20,23,red,blue,blue,red,red,blue,red,雞,鼠,狗,狗,雞,猴,蛇
2023239,2023-08-27 21:32:32,24,04,33,34,11,02,14,red,blue,green,red,green,red,blue,龍,鼠,羊,馬,蛇,虎,虎
2023240,2023-08-28 21:32:32,12,25,30,03,38,36,17,red,blue,red,blue,green,blue,green,龍,兔,狗,牛,虎,龍,豬
2023241,2023-08-29 21:32:32,45,02,24,17,34,16,20,red,red,red,green,red,green,blue,羊,虎,龍,豬,馬,鼠,猴
2023242,2023-08-30 21:32:32,47,07,12,30,37,05,20,blue,red,red,red,blue,green,blue,蛇,雞,龍,狗,兔,豬,猴
2023243,2023-08-31 21:32:32,20,15,08,29,23,16,18,blue,blue,red,red,red,green,red,猴,牛,猴,豬,蛇,鼠,狗
2023244,2023-09-01 21:32:32,07,30,41,36,16,03,25,red,red,blue,blue,green,blue,blue,雞,狗,豬,龍,鼠,牛,兔
2023245,2023-09-02 21:32:32,02,20,46,16,36,48,37,red,blue,red,green,blue,blue,blue,虎,猴,馬,鼠,龍,龍,兔
2023246,2023-09-03 21:32:32,44,42,29,35,28,39,13,green,blue,red,red,green,green,red,猴,狗,豬,蛇,鼠,牛,兔
2023247,2023-09-04 21:32:32,24,35,13,47,30,41,03,red,red,red,blue,red,blue,blue,龍,蛇,兔,蛇,狗,豬,牛
2023248,2023-09-05 21:32:32,13,49,47,30,39,38,21,red,green,blue,red,green,green,green,兔,兔,蛇,狗,牛,虎,羊
2023249,2023-09-06 21:32:32,21,07,27,26,35,09,29,green,red,green,blue,red,blue,red,羊,雞,牛,虎,蛇,羊,豬
2023250,2023-09-07 21:32:32,07,10,01,34,44,36,14,red,blue,red,red,green,blue,blue,雞,馬,兔,馬,猴,龍,虎
2023251,2023-09-08 21:32:32,35,38,30,44,42,16,34,red,green,red,green,blue,green,red,蛇,虎,狗,猴,狗,鼠,馬
2023252,2023-09-09 21:32:32,28,16,33,32,07,42,09,green,green,green,green,red,blue,blue,鼠,鼠,羊,猴,雞,狗,羊
2023253,2023-09-10 21:32:32,18,44,29,42,12,02,26,red,green,red,blue,red,red,blue,狗,猴,豬,狗,龍,虎,虎
2023254,2023-09-11 21:32:32,14,37,30,45,28,09,49,blue,blue,red,red,green,blue,green,虎,兔,狗,羊,鼠,羊,兔
2023255,2023-09-12 21:32:32,19,23,17,46,11,15,01,red,red,green,red,green,blue,red,雞,蛇,豬,馬,蛇,牛,兔
2023256,2023-09-13 21:32:32,28,33,44,26,31,03,34,green,green,green,blue,blue,blue,red,鼠,羊,猴,虎,雞,牛,馬
2023257,2023-09-14 21:32:32,16,24,06,34,14,09,36,green,red,green,red,blue,blue,blue,鼠,龍,狗,馬,虎,羊,龍
2023258,2023-09-15 21:32:32,07,21,16,27,32,41,09,red,green,green,green,green,blue,blue,雞,羊,鼠,牛,猴,豬,羊
2023259,2023-09-16 21:32:32,14,48,20,30,24,18,29,blue,blue,blue,red,red,red,red,虎,龍,猴,狗,龍,狗,豬
2023260,2023-09-17 21:32:32,15,46,20,10,48,43,17,blue,red,blue,blue,blue,green,green,牛,馬,猴,馬,龍,雞,豬
2023261,2023-09-18 21:32:32,28,23,09,01,25,27,20,green,red,blue,red,blue,green,blue,鼠,蛇,羊,兔,兔,牛,猴
2023262,2023-09-19 21:32:32,40,44,25,46,41,13,31,red,green,blue,red,blue,red,blue,鼠,猴,兔,馬,豬,兔,雞
2023263,2023-09-20 21:32:32,44,27,06,05,36,49,39,green,green,green,green,blue,green,green,猴,牛,狗,豬,龍,兔,牛
2023264,2023-09-21 21:32:32,40,33,27,04,42,06,09,red,green,green,blue,blue,green,blue,鼠,羊,牛,鼠,狗,狗,羊
2023265,2023-09-22 21:32:32,40,32,30,37,08,17,25,red,green,red,blue,red,green,blue,鼠,猴,狗,兔,猴,豬,兔
2023266,2023-09-23 21:32:32,26,42,16,37,14,22,02,blue,blue,green,blue,blue,green,red,虎,狗,鼠,兔,虎,馬,虎
2023267,2023-09-24 21:32:32,20,25,44,40,09,13,32,blue,blue,green,red,blue,red,green,猴,兔,猴,鼠,羊,兔,猴
2023268,2023-09-25 21:32:32,43,49,46,05,31,47,03,green,green,red,green,blue,blue,blue,雞,兔,馬,豬,雞,蛇,牛
2023269,2023-09-26 21:32:32,40,48,24,01,02,15,13,red,blue,red,red,red,blue,red,鼠,龍,龍,兔,虎,牛,兔
2023270,2023-09-27 21:32:32,45,05,42,03,37,28,08,red,green,blue,blue,blue,green,red,羊,豬,狗,牛,兔,鼠,猴
2023271,2023-09-28 21:32:32,10,33,29,22,03,01,39,blue,green,red,green,blue,red,green,馬,羊,豬,馬,牛,兔,牛
2023272,2023-09-29 21:32:32,32,41,08,22,31,46,27,green,blue,red,green,blue,red,green,猴,豬,猴,馬,雞,馬,牛
2023273,2023-09-30 21:32:32,01,25,15,10,05,39,28,red,blue,blue,blue,green,green,green,兔,兔,牛,馬,豬,牛,鼠
2023274,2023-10-01 21:32:32,25,28,43,09,32,39,13,blue,green,green,blue,green,green,red,兔,鼠,雞,羊,猴,牛,兔
2023275,2023-10-02 21:32:32,24,46,27,15,43,29,10,red,red,green,blue,green,red,blue,龍,馬,牛,牛,雞,豬,馬
2023276,2023-10-03 21:32:32,26,35,48,16,11,18,08,blue,red,blue,green,green,red,red,虎,蛇,龍,鼠,蛇,狗,猴
2023277,2023-10-04 21:32:32,45,34,41,11,10,14,18,red,red,blue,green,blue,blue,red,羊,馬,豬,蛇,馬,虎,狗
2023278,2023-10-05 21:32:32,11,29,02,40,44,48,39,green,red,red,red,green,blue,green,蛇,豬,虎,鼠,猴,龍,牛
2023279,2023-10-06 21:32:32,24,02,46,26,16,15,10,red,red,red,blue,green,blue,blue,龍,虎,馬,虎,鼠,牛,馬
2023280,2023-10-07 21:32:32,11,36,41,09,18,04,46,green,blue,blue,blue,red,blue,red,蛇,龍,豬,羊,狗,鼠,馬
2023281,2023-10-08 21:32:32,40,44,10,47,01,27,16,red,green,blue,blue,red,green,green,鼠,猴,馬,蛇,兔,牛,鼠
2023282,2023-10-09 21:32:32,09,45,01,26,14,11,38,blue,red,red,blue,blue,green,green,羊,羊,兔,虎,虎,蛇,虎
2023283,2023-10-10 21:32:32,39,36,43,10,20,47,33,green,blue,green,blue,blue,blue,green,牛,龍,雞,馬,猴,蛇,羊
2023284,2023-10-11 21:32:32,10,39,24,02,42,44,06,blue,green,red,red,blue,green,green,馬,牛,龍,虎,狗,猴,狗
2023285,2023-10-12 21:32:32,35,07,21,18,14,47,41,red,red,green,red,blue,blue,blue,蛇,雞,羊,狗,虎,蛇,豬
2023286,2023-10-13 21:32:32,05,27,32,02,46,14,19,green,green,green,red,red,blue,red,豬,牛,猴,虎,馬,虎,雞
2023287,2023-10-14 21:32:32,23,06,29,03,36,26,39,red,green,red,blue,blue,blue,green,蛇,狗,豬,牛,龍,虎,牛
2023288,2023-10-15 21:32:32,36,05,34,46,15,04,23,blue,green,red,red,blue,blue,red,龍,豬,馬,馬,牛,鼠,蛇
2023289,2023-10-16 21:32:32,43,39,30,28,29,02,21,green,green,red,green,red,red,green,雞,牛,狗,鼠,豬,虎,羊
2023290,2023-10-17 21:32:32,47,37,01,36,05,28,42,blue,blue,red,blue,green,green,blue,蛇,兔,兔,龍,豬,鼠,狗
2023291,2023-10-18 21:32:32,17,32,39,10,14,25,48,green,green,green,blue,blue,blue,blue,豬,猴,牛,馬,虎,兔,龍
2023292,2023-10-19 21:32:32,34,10,29,45,40,37,25,red,blue,red,red,red,blue,blue,馬,馬,豬,羊,鼠,兔,兔
2023293,2023-10-20 21:32:32,30,41,19,17,26,32,20,red,blue,red,green,blue,green,blue,狗,豬,雞,豬,虎,猴,猴
2023294,2023-10-21 21:32:32,23,40,20,34,18,16,35,red,red,blue,red,red,green,red,蛇,鼠,猴,馬,狗,鼠,蛇
2023295,2023-10-22 21:32:32,07,20,22,40,34,32,44,red,blue,green,red,red,green,green,雞,猴,馬,鼠,馬,猴,猴
2023296,2023-10-23 21:32:32,24,25,15,31,08,01,20,red,blue,blue,blue,red,red,blue,龍,兔,牛,雞,猴,兔,猴
2023297,2023-10-24 21:32:32,25,34,37,16,17,42,39,blue,red,blue,green,green,blue,green,兔,馬,兔,鼠,豬,狗,牛
2023298,2023-10-25 21:32:32,22,41,26,45,18,17,32,green,blue,blue,red,red,green,green,馬,豬,虎,羊,狗,豬,猴
2023299,2023-10-26 21:32:32,31,36,34,48,41,03,24,blue,blue,red,blue,blue,blue,red,雞,龍,馬,龍,豬,牛,龍
2023300,2023-10-27 21:32:32,24,14,38,49,21,09,36,red,blue,green,green,green,blue,blue,龍,虎,虎,兔,羊,羊,龍
2023301,2023-10-28 21:32:32,18,06,15,07,30,05,25,red,green,blue,red,red,green,blue,狗,狗,牛,雞,狗,豬,兔
2023302,2023-10-29 21:32:32,30,23,31,39,11,22,32,red,red,blue,green,green,green,green,狗,蛇,雞,牛,蛇,馬,猴
2023303,2023-10-30 21:32:32,03,36,24,41,39,26,15,blue,blue,red,blue,green,blue,blue,牛,龍,龍,豬,牛,虎,牛
2023304,2023-10-31 21:32:32,12,24,04,31,11,47,28,red,red,blue,blue,green,blue,green,龍,龍,鼠,雞,蛇,蛇,鼠
2023305,2023-11-01 21:32:32,35,43,11,38,22,46,34,red,green,green,green,green,red,red,蛇,雞,蛇,虎,馬,馬,馬
2023306,2023-11-02 21:32:32,24,16,41,13,32,20,28,red,green,blue,red,green,blue,green,龍,鼠,豬,兔,猴,猴,鼠
2023307,2023-11-03 21:32:32,30,37,38,19,22,05,16,red,blue,green,red,green,green,green,狗,兔,虎,雞,馬,豬,鼠
2023308,2023-11-04 21:32:32,42,19,22,05,16,04,48,blue,red,green,green,green,blue,blue,狗,雞,馬,豬,鼠,鼠,龍
2023309,2023-11-05 21:32:32,20,08,07,22,44,03,16,blue,red,red,green,green,blue,green,猴,猴,雞,馬,猴,牛,鼠
2023310,2023-11-06 21:32:32,17,30,16,06,44,24,13,green,red,green,green,green,red,red,豬,狗,鼠,狗,猴,龍,兔
2023311,2023-11-07 21:32:32,42,45,21,02,15,20,30,blue,red,green,red,blue,blue,red,狗,羊,羊,虎,牛,猴,狗
2023312,2023-11-08 21:32:32,03,20,43,02,37,26,05,blue,blue,green,red,blue,blue,green,牛,猴,雞,虎,兔,虎,豬
2023313,2023-11-09 21:32:32,17,15,28,48,43,30,10,green,blue,green,blue,green,red,blue,豬,牛,鼠,龍,雞,狗,馬
2023314,2023-11-10 21:32:32,07,25,11,29,21,32,26,red,blue,green,red,green,green,blue,雞,兔,蛇,豬,羊,猴,虎
2023315,2023-11-11 21:32:32,41,27,18,02,25,40,29,blue,green,red,red,blue,red,red,豬,牛,狗,虎,兔,鼠,豬
2023316,2023-11-12 21:32:32,23,39,37,02,22,01,48,red,green,blue,red,green,red,blue,蛇,牛,兔,虎,馬,兔,龍
2023317,2023-11-13 21:32:32,14,02,30,34,33,48,41,blue,red,red,red,green,blue,blue,虎,虎,狗,馬,羊,龍,豬
2023318,2023-11-14 21:32:32,15,35,11,48,20,01,49,blue,red,green,blue,blue,red,green,牛,蛇,蛇,龍,猴,兔,兔
2023319,2023-11-15 21:32:32,14,49,09,35,06,01,42,blue,green,blue,red,green,red,blue,虎,兔,羊,蛇,狗,兔,狗
2023320,2023-11-16 21:32:32,30,25,01,32,08,49,23,red,blue,red,green,red,green,red,狗,兔,兔,猴,猴,兔,蛇
2023321,2023-11-17 21:32:32,02,30,06,04,38,41,19,red,red,green,blue,green,blue,red,虎,狗,狗,鼠,虎,豬,雞
2023322,2023-11-18 21:32:32,31,24,13,48,37,49,32,blue,red,red,blue,blue,green,green,雞,龍,兔,龍,兔,兔,猴
2023323,2023-11-19 21:32:32,29,05,41,14,36,07,02,red,green,blue,blue,blue,red,red,豬,豬,豬,虎,龍,雞,虎
2023324,2023-11-20 21:32:32,24,35,30,28,05,02,26,red,red,red,green,green,red,blue,龍,蛇,狗,鼠,豬,虎,虎
2023325,2023-11-21 21:32:32,02,22,12,05,17,10,07,red,green,red,green,green,blue,red,虎,馬,龍,豬,豬,馬,雞
2023326,2023-11-22 21:32:32,12,46,40,02,31,22,35,red,red,red,red,blue,green,red,龍,馬,鼠,虎,雞,馬,蛇
2023327,2023-11-23 21:32:32,11,14,06,25,44,15,21,green,blue,green,blue,green,blue,green,蛇,虎,狗,兔,猴,牛,羊
2023328,2023-11-24 21:32:32,13,02,10,49,12,08,01,red,red,blue,green,red,red,red,兔,虎,馬,兔,龍,猴,兔
2023329,2023-11-25 21:32:32,06,09,27,26,02,23,35,green,blue,green,blue,red,red,red,狗,羊,牛,虎,虎,蛇,蛇
2023330,2023-11-26 21:32:32,47,48,12,03,11,29,18,blue,blue,red,blue,green,red,red,蛇,龍,龍,牛,蛇,豬,狗
2023331,2023-11-27 21:32:32,13,22,34,08,37,39,46,red,green,red,red,blue,green,red,兔,馬,馬,猴,兔,牛,馬
2023332,2023-11-28 21:32:32,12,18,37,04,16,13,08,red,red,blue,blue,green,red,red,龍,狗,兔,鼠,鼠,兔,猴
2023333,2023-11-29 21:32:32,36,34,35,41,18,33,37,blue,red,red,blue,red,green,blue,龍,馬,蛇,豬,狗,羊,兔
2023334,2023-11-30 21:32:32,15,13,28,46,47,21,06,blue,red,green,red,blue,green,green,牛,兔,鼠,馬,蛇,羊,狗
2023335,2023-12-01 21:32:32,48,45,16,12,03,18,24,blue,red,green,red,blue,red,red,龍,羊,鼠,龍,牛,狗,龍
2023336,2023-12-02 21:32:32,07,11,49,21,36,30,31,red,green,green,green,blue,red,blue,雞,蛇,兔,羊,龍,狗,雞
2023337,2023-12-03 21:32:32,48,01,05,17,49,45,16,blue,red,green,green,green,red,green,龍,兔,豬,豬,兔,羊,鼠
2023338,2023-12-04 21:32:32,34,29,26,35,19,07,41,red,red,blue,red,red,red,blue,馬,豬,虎,蛇,雞,雞,豬
2023339,2023-12-05 21:32:32,02,18,44,17,37,01,10,red,red,green,green,blue,red,blue,虎,狗,猴,豬,兔,兔,馬
2023340,2023-12-06 21:32:32,18,20,19,35,31,39,46,red,blue,red,red,blue,green,red,狗,猴,雞,蛇,雞,牛,馬
2023341,2023-12-07 21:32:32,15,23,37,38,49,32,34,blue,red,blue,green,green,green,red,牛,蛇,兔,虎,兔,猴,馬
2023342,2023-12-08 21:32:32,49,24,09,35,37,44,05,green,red,blue,red,blue,green,green,兔,龍,羊,蛇,兔,猴,豬
2023343,2023-12-09 21:32:32,16,47,33,18,38,22,01,green,blue,green,red,green,green,red,鼠,蛇,羊,狗,虎,馬,兔
2023344,2023-12-10 21:32:32,03,46,25,31,40,49,47,blue,red,blue,blue,red,green,blue,牛,馬,兔,雞,鼠,兔,蛇
2023345,2023-12-11 21:32:32,35,18,22,40,04,20,07,red,red,green,red,blue,blue,red,蛇,狗,馬,鼠,鼠,猴,雞
2023346,2023-12-12 21:32:32,40,16,06,43,46,37,09,red,green,green,green,red,blue,blue,鼠,鼠,狗,雞,馬,兔,羊
2023347,2023-12-13 21:32:32,29,11,02,44,01,43,46,red,green,red,green,red,green,red,豬,蛇,虎,猴,兔,雞,馬
2023348,2023-12-14 21:32:32,36,19,47,15,03,02,37,blue,red,blue,blue,blue,red,blue,龍,雞,蛇,牛,牛,虎,兔
2023349,2023-12-15 21:32:32,15,48,41,23,16,36,28,blue,blue,blue,red,green,blue,green,牛,龍,豬,蛇,鼠,龍,鼠
2023350,2023-12-16 21:32:32,27,19,40,07,49,36,14,green,red,red,red,green,blue,blue,牛,雞,鼠,雞,兔,龍,虎
2023351,2023-12-17 21:32:32,16,18,34,47,40,05,44,green,red,red,blue,red,green,green,鼠,狗,馬,蛇,鼠,豬,猴
2023352,2023-12-18 21:32:32,29,19,23,13,15,34,41,red,red,red,red,blue,red,blue,豬,雞,蛇,兔,牛,馬,豬
2023353,2023-12-19 21:32:32,08,23,17,07,36,31,10,red,red,green,red,blue,blue,blue,猴,蛇,豬,雞,龍,雞,馬
2023354,2023-12-20 21:32:32,35,14,07,46,15,06,13,red,blue,red,red,blue,green,red,蛇,虎,雞,馬,牛,狗,兔
2023355,2023-12-21 21:32:32,10,48,49,08,30,31,18,blue,blue,green,red,red,blue,red,馬,龍,兔,猴,狗,雞,狗
2023356,2023-12-22 21:32:32,26,46,49,05,14,04,29,blue,red,green,green,blue,blue,red,虎,馬,兔,豬,虎,鼠,豬
2023357,2023-12-23 21:32:32,22,26,47,08,25,38,42,green,blue,blue,red,blue,green,blue,馬,虎,蛇,猴,兔,虎,狗
2023358,2023-12-24 21:32:32,49,25,19,43,40,04,01,green,blue,red,green,red,blue,red,兔,兔,雞,雞,鼠,鼠,兔
2023359,2023-12-25 21:32:32,48,21,15,44,03,42,08,blue,green,blue,green,blue,blue,red,龍,羊,牛,猴,牛,狗,猴
2023360,2023-12-26 21:32:32,30,41,25,33,17,38,26,red,blue,blue,green,green,green,blue,狗,豬,兔,羊,豬,虎,虎
2023361,2023-12-27 21:32:32,21,10,08,42,18,05,19,green,blue,red,blue,red,green,red,羊,馬,猴,狗,狗,豬,雞
2023362,2023-12-28 21:32:32,43,02,29,25,18,44,36,green,red,red,blue,red,green,blue,雞,虎,豬,兔,狗,猴,龍
2023363,2023-12-29 21:32:32,26,18,35,29,03,48,12,blue,red,red,red,blue,blue,red,虎,狗,蛇,豬,牛,龍,龍
2023364,2023-12-30 21:32:32,48,29,27,35,10,31,01,blue,red,green,red,blue,blue,red,龍,豬,牛,蛇,馬,雞,兔
2023365,2023-12-31 21:32:32,24,49,02,27,07,33,43,red,green,red,green,red,green,green,龍,兔,虎,牛,雞,羊,雞
2024001,2024-01-01 21:32:32,44,25,03,16,10,20,06,green,blue,blue,green,blue,blue,green,猴,兔,牛,鼠,馬,猴,狗
2024002,2024-01-02 21:32:32,30,32,31,39,44,24,26,red,green,blue,green,green,red,blue,狗,猴,雞,牛,猴,龍,虎
2024003,2024-01-03 21:32:32,42,40,30,05,14,45,19,blue,red,red,green,blue,red,red,狗,鼠,狗,豬,虎,羊,雞
2024004,2024-01-04 21:32:32,39,36,28,49,12,24,40,green,blue,green,green,red,red,red,牛,龍,鼠,兔,龍,龍,鼠
2023004,2024-01-04 21:32:32,39,36,28,49,12,24,40,green,blue,green,green,red,red,red,牛,龍,鼠,兔,龍,龍,鼠
2024005,2024-01-05 21:32:32,01,44,16,22,38,32,19,red,green,green,green,green,green,red,兔,猴,鼠,馬,虎,猴,雞
2024006,2024-01-06 21:32:32,13,35,31,01,05,06,23,red,red,blue,red,green,green,red,兔,蛇,雞,兔,豬,狗,蛇
2024007,2024-01-07 21:32:32,36,10,03,05,04,08,19,blue,blue,blue,green,blue,red,red,龍,馬,牛,豬,鼠,猴,雞
2024008,2024-01-08 21:32:32,27,41,45,22,25,05,20,green,blue,red,green,blue,green,blue,牛,豬,羊,馬,兔,豬,猴
2024009,2024-01-09 21:32:32,11,17,12,15,22,07,06,green,green,red,blue,green,red,green,蛇,豬,龍,牛,馬,雞,狗
2024010,2024-01-10 21:32:32,46,16,01,14,06,02,36,red,green,red,blue,green,red,blue,馬,鼠,兔,虎,狗,虎,龍
2024011,2024-01-11 21:32:32,45,14,09,24,29,32,43,red,blue,blue,red,red,green,green,羊,虎,羊,龍,豬,猴,雞
2024012,2024-01-12 21:32:32,05,21,24,12,15,41,22,green,green,red,red,blue,blue,green,豬,羊,龍,龍,牛,豬,馬
2024013,2024-01-13 21:32:32,26,34,38,08,17,24,18,blue,red,green,red,green,red,red,虎,馬,虎,猴,豬,龍,狗
2024014,2024-01-14 21:32:32,43,32,14,17,26,37,20,green,green,blue,green,blue,blue,blue,雞,猴,虎,豬,虎,兔,猴
2024015,2024-01-15 21:32:32,38,29,32,18,20,33,39,green,red,green,red,blue,green,green,虎,豬,猴,狗,猴,羊,牛
2024016,2024-01-16 21:32:32,41,32,25,07,46,27,17,blue,green,blue,red,red,green,green,豬,猴,兔,雞,馬,牛,豬
2024017,2024-01-17 21:32:32,49,31,03,39,18,41,23,green,blue,blue,green,red,blue,red,兔,雞,牛,牛,狗,豬,蛇
2024018,2024-01-18 21:32:32,03,04,29,44,27,35,47,blue,blue,red,green,green,red,blue,牛,鼠,豬,猴,牛,蛇,蛇
2024019,2024-01-19 21:32:32,34,23,19,22,45,27,17,red,red,red,green,red,green,green,馬,蛇,雞,馬,羊,牛,豬
2024020,2024-01-20 21:32:32,04,42,36,16,11,03,29,blue,blue,blue,green,green,blue,red,鼠,狗,龍,鼠,蛇,牛,豬
2024021,2024-01-21 21:32:32,12,15,08,38,36,21,35,red,blue,red,green,blue,green,red,龍,牛,猴,虎,龍,羊,蛇
2024022,2024-01-22 21:32:32,21,28,36,44,34,30,41,green,green,blue,green,red,red,blue,羊,鼠,龍,猴,馬,狗,豬
2024023,2024-01-23 21:32:32,11,41,43,33,48,36,20,green,blue,green,green,blue,blue,blue,蛇,豬,雞,羊,龍,龍,猴
2024024,2024-01-24 21:32:32,49,41,35,30,03,31,01,green,blue,red,red,blue,blue,red,兔,豬,蛇,狗,牛,雞,兔
2024025,2024-01-25 21:32:32,23,27,21,34,14,10,32,red,green,green,red,blue,blue,green,蛇,牛,羊,馬,虎,馬,猴
2024026,2024-01-26 21:32:32,18,03,36,06,34,14,30,red,blue,blue,green,red,blue,red,狗,牛,龍,狗,馬,虎,狗
2024027,2024-01-27 21:32:32,06,23,07,31,18,47,28,green,red,red,blue,red,blue,green,狗,蛇,雞,雞,狗,蛇,鼠
2024028,2024-01-28 21:32:32,13,44,05,28,30,32,09,red,green,green,green,red,green,blue,兔,猴,豬,鼠,狗,猴,羊
2024029,2024-01-29 21:32:32,19,09,26,30,35,27,16,red,blue,blue,red,red,green,green,雞,羊,虎,狗,蛇,牛,鼠
2024030,2024-01-30 21:32:32,21,27,22,36,23,08,03,green,green,green,blue,red,red,blue,羊,牛,馬,龍,蛇,猴,牛
2024031,2024-01-31 21:32:32,12,40,31,48,26,15,07,red,red,blue,blue,blue,blue,red,龍,鼠,雞,龍,虎,牛,雞
2024032,2024-02-01 21:32:32,35,22,27,46,03,23,40,red,green,green,red,blue,red,red,蛇,馬,牛,馬,牛,蛇,鼠
2024033,2024-02-02 21:32:32,48,44,45,26,29,25,30,blue,green,red,blue,red,blue,red,龍,猴,羊,虎,豬,兔,狗
2024034,2024-02-03 21:32:32,03,49,42,44,45,48,11,blue,green,blue,green,red,blue,green,牛,兔,狗,猴,羊,龍,蛇
2024035,2024-02-04 21:32:32,12,48,38,15,20,18,44,red,blue,green,blue,blue,red,green,龍,龍,虎,牛,猴,狗,猴
2024036,2024-02-05 21:32:32,16,41,38,14,25,48,29,green,blue,green,blue,blue,blue,red,鼠,豬,虎,虎,兔,龍,豬
2024037,2024-02-06 21:32:32,18,42,20,39,49,04,10,red,blue,blue,green,green,blue,blue,狗,狗,猴,牛,兔,鼠,馬
2024038,2024-02-07 21:32:32,31,46,03,38,27,26,06,blue,red,blue,green,green,blue,green,雞,馬,牛,虎,牛,虎,狗
2024039,2024-02-08 21:32:32,41,17,14,08,10,27,19,blue,green,blue,red,blue,green,red,豬,豬,虎,猴,馬,牛,雞
2024040,2024-02-09 21:32:32,09,03,25,38,32,42,40,blue,blue,blue,green,green,blue,red,羊,牛,兔,虎,猴,狗,鼠
2024041,2024-02-10 21:32:32,45,04,19,12,06,27,41,red,blue,red,red,green,green,blue,猴,牛,狗,蛇,豬,虎,鼠
2024042,2024-02-11 21:32:32,19,02,11,10,17,48,15,red,red,green,blue,green,blue,blue,狗,兔,馬,羊,鼠,蛇,虎
2024043,2024-02-12 21:32:32,16,01,29,39,37,07,42,green,red,red,green,blue,red,blue,牛,龍,鼠,虎,龍,狗,豬
2024044,2024-02-13 21:32:32,43,05,16,34,30,38,02,green,green,green,red,red,green,red,狗,鼠,牛,羊,豬,兔,兔
2024045,2024-02-14 21:32:32,17,09,22,40,37,13,28,green,blue,green,red,blue,red,green,鼠,猴,羊,牛,龍,龍,牛
2024046,2024-02-15 21:32:32,43,48,49,31,13,40,02,green,blue,green,blue,red,red,red,狗,蛇,龍,狗,龍,牛,兔
2024047,2024-02-16 21:32:32,14,29,36,10,13,33,09,blue,red,blue,blue,red,green,blue,兔,鼠,蛇,羊,龍,猴,猴
2024048,2024-02-17 21:32:32,49,09,13,22,42,05,30,green,blue,red,green,blue,green,red,龍,猴,龍,羊,豬,鼠,豬
2024049,2024-02-18 21:32:32,31,28,44,29,40,36,35,blue,green,green,red,red,blue,red,狗,牛,雞,鼠,牛,蛇,馬
2024050,2024-02-19 21:32:32,03,47,42,44,05,37,39,blue,blue,blue,green,green,blue,green,虎,馬,豬,雞,鼠,龍,虎
2024051,2024-02-20 21:32:32,08,36,43,06,29,35,12,red,blue,green,green,red,red,red,雞,蛇,狗,豬,鼠,馬,蛇
2024052,2024-02-21 21:32:32,34,47,36,29,48,02,09,red,blue,blue,red,blue,red,blue,羊,馬,蛇,鼠,蛇,兔,猴
2024053,2024-02-22 21:32:32,10,15,24,47,40,33,25,blue,blue,red,blue,red,green,blue,羊,虎,蛇,馬,牛,猴,龍
2024054,2024-02-23 21:32:32,42,14,35,29,15,05,09,blue,blue,red,red,blue,green,blue,豬,兔,馬,鼠,虎,鼠,猴
2024055,2024-02-24 21:32:32,40,48,22,47,16,18,31,red,blue,green,blue,green,red,blue,牛,蛇,羊,馬,牛,豬,狗
2024056,2024-02-25 21:32:32,37,42,05,17,12,02,23,blue,blue,green,green,red,red,red,龍,豬,鼠,鼠,蛇,兔,馬
2024057,2024-02-26 21:32:32,23,31,07,32,47,26,46,red,blue,red,green,blue,blue,red,馬,狗,狗,雞,馬,兔,羊
2024058,2024-02-27 21:32:32,13,25,28,40,49,43,11,red,blue,green,red,green,green,green,龍,龍,牛,牛,龍,狗,馬
2024059,2024-02-28 21:32:32,15,25,09,43,49,46,30,blue,blue,blue,green,green,red,red,虎,龍,猴,狗,龍,羊,豬
2024060,2024-02-29 21:32:32,43,45,31,16,27,38,44,green,red,blue,green,green,green,green,狗,猴,狗,牛,虎,兔,雞
2024061,2024-03-01 21:32:32,20,44,13,37,05,26,33,blue,green,red,blue,green,blue,green,雞,雞,龍,龍,鼠,兔,猴
2024062,2024-03-02 21:32:32,43,13,15,37,03,45,49,green,red,blue,blue,blue,red,green,狗,龍,虎,龍,虎,猴,龍
2024063,2024-03-03 21:32:32,43,25,36,24,18,32,31,green,blue,blue,red,red,green,blue,狗,龍,蛇,蛇,豬,雞,狗
2024064,2024-03-04 21:32:32,25,05,37,36,40,02,46,blue,green,blue,blue,red,red,red,龍,鼠,龍,蛇,牛,兔,羊
2024065,2024-03-05 21:32:32,18,02,21,16,26,43,04,red,red,green,green,blue,green,blue,豬,兔,猴,牛,兔,狗,牛
2024066,2024-03-06 21:32:32,43,47,04,05,37,16,42,green,blue,blue,green,blue,green,blue,狗,馬,牛,鼠,龍,牛,豬
2024067,2024-03-07 21:32:32,30,44,23,42,31,01,34,red,green,red,blue,blue,red,red,豬,雞,馬,豬,狗,龍,羊
2024068,2024-03-08 21:32:32,23,38,21,18,44,39,20,red,green,green,red,green,green,blue,馬,兔,猴,豬,雞,虎,雞
2024069,2024-03-09 21:32:32,41,40,38,03,19,07,08,blue,red,green,blue,red,red,red,鼠,牛,兔,虎,狗,狗,雞
2024070,2024-03-10 21:32:32,27,12,09,33,34,14,06,green,red,blue,green,red,blue,green,虎,蛇,猴,猴,羊,兔,豬
2024071,2024-03-11 21:32:32,48,06,23,29,02,04,03,blue,green,red,red,red,blue,blue,蛇,豬,馬,鼠,兔,牛,虎
2024072,2024-03-12 21:32:32,27,13,10,44,45,49,19,green,red,blue,green,red,green,red,虎,龍,羊,雞,猴,龍,狗
2024073,2024-03-13 21:32:32,13,41,07,31,26,27,34,red,blue,red,blue,blue,green,red,龍,鼠,狗,狗,兔,虎,羊
2024074,2024-03-14 21:32:32,19,33,02,31,49,41,16,red,green,red,blue,green,blue,green,狗,猴,兔,狗,龍,鼠,牛
2024075,2024-03-15 21:32:32,22,26,03,19,44,38,16,green,blue,blue,red,green,green,green,羊,兔,虎,狗,雞,兔,牛
2024076,2024-03-16 21:32:32,23,44,15,06,12,27,17,red,green,blue,green,red,green,green,馬,雞,虎,豬,蛇,虎,鼠
2024077,2024-03-17 21:32:32,09,45,43,41,49,04,32,blue,red,green,blue,green,blue,green,猴,猴,狗,鼠,龍,牛,雞
2024078,2024-03-18 21:32:32,07,11,44,13,42,27,05,red,green,green,red,blue,green,green,狗,馬,雞,龍,豬,虎,鼠
2024079,2024-03-19 21:32:32,15,19,42,48,02,34,44,blue,red,blue,blue,red,red,green,虎,狗,豬,蛇,兔,羊,雞
2024080,2024-03-20 21:32:32,39,16,42,11,46,03,38,green,green,blue,green,red,blue,green,虎,牛,豬,馬,羊,虎,兔
2024081,2024-03-21 21:32:32,07,05,22,23,21,36,13,red,green,green,red,green,blue,red,狗,鼠,羊,馬,猴,蛇,龍
2024082,2024-03-22 21:32:32,27,35,33,01,12,19,22,green,red,green,red,red,red,green,虎,馬,猴,龍,蛇,狗,羊
2024083,2024-03-23 21:32:32,38,32,35,25,48,19,22,green,green,red,blue,blue,red,green,兔,雞,馬,龍,蛇,狗,羊
2024084,2024-03-24 21:32:32,25,09,15,13,23,32,05,blue,blue,blue,red,red,green,green,龍,猴,虎,龍,馬,雞,鼠
2024085,2024-03-25 21:32:32,13,17,47,01,38,12,35,red,green,blue,red,green,red,red,龍,鼠,馬,龍,兔,蛇,馬
2024086,2024-03-26 21:32:32,02,10,29,31,28,25,11,red,blue,red,blue,green,blue,green,兔,羊,鼠,狗,牛,龍,馬
2024087,2024-03-27 21:32:32,02,21,29,46,43,13,06,red,green,red,red,green,red,green,兔,猴,鼠,羊,狗,龍,豬
2024088,2024-03-28 21:32:32,20,48,46,19,18,06,37,blue,blue,red,red,red,green,blue,雞,蛇,羊,狗,豬,豬,龍
2024089,2024-03-29 21:32:32,24,12,21,18,16,36,13,red,red,green,red,green,blue,red,蛇,蛇,猴,豬,牛,蛇,龍
2024090,2024-03-30 21:32:32,35,37,49,41,11,06,45,red,blue,green,blue,green,green,red,馬,龍,龍,鼠,馬,豬,猴
2024091,2024-03-31 21:32:32,02,30,17,28,35,49,34,red,red,green,green,red,green,red,兔,豬,鼠,牛,馬,龍,羊
2024092,2024-04-01 21:32:32,18,15,33,44,31,20,24,red,blue,green,green,blue,blue,red,豬,虎,猴,雞,狗,雞,蛇
2024093,2024-04-02 21:32:32,38,10,42,47,03,04,41,green,blue,blue,blue,blue,blue,blue,兔,羊,豬,馬,虎,牛,鼠
2024094,2024-04-03 21:32:32,26,31,35,36,10,44,33,blue,blue,red,blue,blue,green,green,兔,狗,馬,蛇,羊,雞,猴
2024095,2024-04-04 21:32:32,30,19,38,01,17,46,48,red,red,green,red,green,red,blue,豬,狗,兔,龍,鼠,羊,蛇
2024096,2024-04-05 21:32:32,41,27,28,07,30,31,05,blue,green,green,red,red,blue,green,鼠,虎,牛,狗,豬,狗,鼠
2024097,2024-04-06 21:32:32,25,39,13,11,46,30,10,blue,green,red,green,red,red,blue,龍,虎,龍,馬,羊,豬,羊
2024098,2024-04-07 21:32:32,25,15,43,21,06,31,46,blue,blue,green,green,green,blue,red,龍,虎,狗,猴,豬,狗,羊
2024099,2024-04-08 21:32:32,02,18,11,26,23,44,28,red,red,green,blue,red,green,green,兔,豬,馬,兔,馬,雞,牛
2024100,2024-04-09 21:32:32,05,38,35,32,24,06,17,green,green,red,green,red,green,green,鼠,兔,馬,雞,蛇,豬,鼠
2024101,2024-04-10 21:32:32,29,07,45,06,26,27,21,red,red,red,green,blue,green,green,鼠,狗,猴,豬,兔,虎,猴
2024102,2024-04-11 21:32:32,36,41,18,08,07,10,19,blue,blue,red,red,red,blue,red,蛇,鼠,豬,雞,狗,羊,狗
2024103,2024-04-12 21:32:32,36,19,33,09,20,03,05,blue,red,green,blue,blue,blue,green,蛇,狗,猴,猴,雞,虎,鼠
2024104,2024-04-13 21:32:32,17,15,42,39,32,24,35,green,blue,blue,green,green,red,red,鼠,虎,豬,虎,雞,蛇,馬
2024105,2024-04-14 21:32:32,19,07,14,10,30,16,49,red,red,blue,blue,red,green,green,狗,狗,兔,羊,豬,牛,龍
2024106,2024-04-15 21:32:32,25,46,49,47,01,36,16,blue,red,green,blue,red,blue,green,龍,羊,龍,馬,龍,蛇,牛
2024107,2024-04-16 21:32:32,26,21,04,12,16,45,46,blue,green,blue,red,green,red,red,兔,猴,牛,蛇,牛,猴,羊
2024108,2024-04-17 21:32:32,17,23,21,05,47,41,46,green,red,green,green,blue,blue,red,鼠,馬,猴,鼠,馬,鼠,羊
2024109,2024-04-18 21:32:32,22,41,30,40,02,25,43,green,blue,red,red,red,blue,green,羊,鼠,豬,牛,兔,龍,狗
2024110,2024-04-19 21:32:32,21,34,10,35,24,06,48,green,red,blue,red,red,green,blue,猴,羊,羊,馬,蛇,豬,蛇
2024111,2024-04-20 21:32:32,18,01,40,16,37,34,43,red,red,red,green,blue,red,green,豬,龍,牛,牛,龍,羊,狗
2024112,2024-04-21 21:32:32,35,44,48,29,45,36,43,red,green,blue,red,red,blue,green,馬,雞,蛇,鼠,猴,蛇,狗
2024113,2024-04-22 21:32:32,39,37,48,49,05,19,24,green,blue,blue,green,green,red,red,虎,龍,蛇,龍,鼠,狗,蛇
2024114,2024-04-23 21:32:32,34,07,43,19,39,01,18,red,red,green,red,green,red,red,羊,狗,狗,狗,虎,龍,豬
2024115,2024-04-24 21:32:32,23,46,10,44,20,33,29,red,red,blue,green,blue,green,red,馬,羊,羊,雞,雞,猴,鼠
2024116,2024-04-25 21:32:32,02,11,15,12,20,08,10,red,green,blue,red,blue,red,blue,兔,馬,虎,蛇,雞,雞,羊
2024117,2024-04-26 21:32:32,43,09,14,29,19,45,25,green,blue,blue,red,red,red,blue,狗,猴,兔,鼠,狗,猴,龍
2024118,2024-04-27 21:32:32,41,26,40,43,46,49,21,blue,blue,red,green,red,green,green,鼠,兔,牛,狗,羊,龍,猴
2024119,2024-04-28 21:32:32,09,16,20,02,27,40,32,blue,green,blue,red,green,red,green,猴,牛,雞,兔,虎,牛,雞
2024120,2024-04-29 21:32:32,21,10,05,32,25,22,29,green,blue,green,green,blue,green,red,猴,羊,鼠,雞,龍,羊,鼠
2024121,2024-04-30 21:32:32,15,24,08,43,33,47,02,blue,red,red,green,green,blue,red,虎,蛇,雞,狗,猴,馬,兔
2024122,2024-05-01 21:32:32,25,10,02,20,40,15,36,blue,blue,red,blue,red,blue,blue,龍,羊,兔,雞,牛,虎,蛇
2024123,2024-05-02 21:32:32,09,07,19,11,10,31,21,blue,red,red,green,blue,blue,green,猴,狗,狗,馬,羊,狗,猴
2024124,2024-05-03 21:32:32,24,36,10,02,44,34,22,red,blue,blue,red,green,red,green,蛇,蛇,羊,兔,雞,羊,羊
2024125,2024-05-04 21:32:32,19,17,09,26,15,35,12,red,green,blue,blue,blue,red,red,狗,鼠,猴,兔,虎,馬,蛇
2024126,2024-05-05 21:32:32,20,44,33,45,23,14,07,blue,green,green,red,red,blue,red,雞,雞,猴,猴,馬,兔,狗
2024127,2024-05-06 21:32:32,19,41,45,30,34,15,48,red,blue,red,red,red,blue,blue,狗,鼠,猴,豬,羊,虎,蛇
2024128,2024-05-07 21:32:32,05,24,12,45,14,25,02,green,red,red,red,blue,blue,red,鼠,蛇,蛇,猴,兔,龍,兔
2024129,2024-05-08 21:32:32,19,08,28,21,47,33,49,red,red,green,green,blue,green,green,狗,雞,牛,猴,馬,猴,龍
2024130,2024-05-09 21:32:32,13,01,32,47,21,31,17,red,red,green,blue,green,blue,green,龍,龍,雞,馬,猴,狗,鼠
2024131,2024-05-10 21:32:32,23,31,12,27,05,43,04,red,blue,red,green,green,green,blue,馬,狗,蛇,虎,鼠,狗,牛
2024132,2024-05-11 21:32:32,25,46,06,18,39,44,37,blue,red,green,red,green,green,blue,龍,羊,豬,豬,虎,雞,龍
2024133,2024-05-12 21:32:32,08,09,14,03,23,04,19,red,blue,blue,blue,red,blue,red,雞,猴,兔,虎,馬,牛,狗
2024134,2024-05-13 21:32:32,34,05,49,23,38,31,07,red,green,green,red,green,blue,red,羊,鼠,龍,馬,兔,狗,狗
2024135,2024-05-14 21:32:32,03,17,44,34,47,40,46,blue,green,green,red,blue,red,red,虎,鼠,雞,羊,馬,牛,羊
2024136,2024-05-15 21:32:32,31,09,47,26,36,10,44,blue,blue,blue,blue,blue,blue,green,狗,猴,馬,兔,蛇,羊,雞
2024137,2024-05-16 21:32:32,20,42,15,26,01,10,16,blue,blue,blue,blue,red,blue,green,雞,豬,虎,兔,龍,羊,牛
2024138,2024-05-17 21:32:32,06,20,18,26,19,05,14,green,blue,red,blue,red,green,blue,豬,雞,豬,兔,狗,鼠,兔
2024139,2024-05-18 21:32:32,26,43,10,12,25,46,14,blue,green,blue,red,blue,red,blue,兔,狗,羊,蛇,龍,羊,兔
2024140,2024-05-19 21:32:32,05,13,30,36,23,07,35,green,red,red,blue,red,red,red,鼠,龍,豬,蛇,馬,狗,馬
2024141,2024-05-20 21:32:32,23,05,19,06,28,46,43,red,green,red,green,green,red,green,馬,鼠,狗,豬,牛,羊,狗
2024142,2024-05-21 21:32:32,05,02,23,35,31,22,27,green,red,red,red,blue,green,green,鼠,兔,馬,馬,狗,羊,虎
2024143,2024-05-22 21:32:32,31,34,42,35,38,28,12,blue,red,blue,red,green,green,red,狗,羊,豬,馬,兔,牛,蛇
2024144,2024-05-23 21:32:32,10,09,02,17,28,05,16,blue,blue,red,green,green,green,green,羊,猴,兔,鼠,牛,鼠,牛
2024145,2024-05-24 21:32:32,45,29,27,23,11,38,02,red,red,green,red,green,green,red,猴,鼠,虎,馬,馬,兔,兔
2024146,2024-05-25 21:32:32,03,15,08,28,38,40,43,blue,blue,red,green,green,red,green,虎,虎,雞,牛,兔,牛,狗
2024147,2024-05-26 21:32:32,21,33,06,17,38,35,02,green,green,green,green,green,red,red,猴,猴,豬,鼠,兔,馬,兔
2024148,2024-05-27 21:32:32,10,15,45,23,49,09,27,blue,blue,red,red,green,blue,green,羊,虎,猴,馬,龍,猴,虎
2024149,2024-05-28 21:32:32,12,32,45,46,01,06,22,red,green,red,red,red,green,green,蛇,雞,猴,羊,龍,豬,羊
2024150,2024-05-29 21:32:32,24,16,45,27,40,15,33,red,green,red,green,red,blue,green,蛇,牛,猴,虎,牛,虎,猴
2024151,2024-05-30 21:32:32,12,41,09,05,44,26,48,red,blue,blue,green,green,blue,blue,蛇,鼠,猴,鼠,雞,兔,蛇
2024152,2024-05-31 21:32:32,16,35,18,30,15,40,21,green,red,red,red,blue,red,green,牛,馬,豬,豬,虎,牛,猴
2024153,2024-06-01 21:32:32,34,28,08,27,06,16,32,red,green,red,green,green,green,green,羊,牛,雞,虎,豬,牛,雞
2024154,2024-06-02 21:32:32,14,08,34,28,36,26,46,blue,red,red,green,blue,blue,red,兔,雞,羊,牛,蛇,兔,羊
2024155,2024-06-03 21:32:32,40,29,23,47,07,32,44,red,red,red,blue,red,green,green,牛,鼠,馬,馬,狗,雞,雞
2024156,2024-06-04 21:32:32,38,44,06,12,26,25,42,green,green,green,red,blue,blue,blue,兔,雞,豬,蛇,兔,龍,豬
2024157,2024-06-05 21:32:32,11,13,47,29,41,48,45,green,red,blue,red,blue,blue,red,馬,龍,馬,鼠,鼠,蛇,猴
2024158,2024-06-06 21:32:32,47,12,06,27,42,05,20,blue,red,green,green,blue,green,blue,馬,蛇,豬,虎,豬,鼠,雞
2024159,2024-06-07 21:32:32,29,07,44,49,06,01,43,red,red,green,green,green,red,green,鼠,狗,雞,龍,豬,龍,狗
2024160,2024-06-08 21:32:32,48,15,36,49,32,03,27,blue,blue,blue,green,green,blue,green,蛇,虎,蛇,龍,雞,虎,虎
2024161,2024-06-09 21:32:32,20,23,19,41,47,11,35,blue,red,red,blue,blue,green,red,雞,馬,狗,鼠,馬,馬,馬
2024162,2024-06-10 21:32:32,11,25,06,44,05,13,01,green,blue,green,green,green,red,red,馬,龍,豬,雞,鼠,龍,龍
2024163,2024-06-11 21:32:32,20,31,25,42,27,01,40,blue,blue,blue,blue,green,red,red,雞,狗,龍,豬,虎,龍,牛
2024164,2024-06-12 21:32:32,20,07,42,32,19,24,44,blue,red,blue,green,red,red,green,雞,狗,豬,雞,狗,蛇,雞
2024165,2024-06-13 21:32:32,40,17,26,37,41,29,03,red,green,blue,blue,blue,red,blue,牛,鼠,兔,龍,鼠,鼠,虎
2024166,2024-06-14 21:32:32,07,12,15,33,29,43,32,red,red,blue,green,red,green,green,狗,蛇,虎,猴,鼠,狗,雞
2024167,2024-06-15 21:32:32,32,02,29,11,34,49,14,green,red,red,green,red,green,blue,雞,兔,鼠,馬,羊,龍,兔
2024168,2024-06-16 21:32:32,11,32,02,34,44,10,14,green,green,red,red,green,blue,blue,馬,雞,兔,羊,雞,羊,兔
2024169,2024-06-17 21:32:32,22,03,15,09,16,40,45,green,blue,blue,blue,green,red,red,羊,虎,虎,猴,牛,牛,猴
2024170,2024-06-18 21:32:32,12,43,34,28,01,08,10,red,green,red,green,red,red,blue,蛇,狗,羊,牛,龍,雞,羊
2024171,2024-06-19 21:32:32,19,33,42,43,13,08,16,red,green,blue,green,red,red,green,狗,猴,豬,狗,龍,雞,牛
2024172,2024-06-20 21:32:32,10,20,07,30,29,05,32,blue,blue,red,red,red,green,green,羊,雞,狗,豬,鼠,鼠,雞
2024173,2024-06-21 21:32:32,11,10,47,41,17,09,49,green,blue,blue,blue,green,blue,green,馬,羊,馬,鼠,鼠,猴,龍
2024174,2024-06-22 21:32:32,12,31,02,45,47,43,48,red,blue,red,red,blue,green,blue,蛇,狗,兔,猴,馬,狗,蛇
2024175,2024-06-23 21:32:32,30,04,13,14,06,16,40,red,blue,red,blue,green,green,red,豬,牛,龍,兔,豬,牛,牛
2024176,2024-06-24 21:32:32,28,36,15,30,12,01,03,green,blue,blue,red,red,red,blue,牛,蛇,虎,豬,蛇,龍,虎
2024177,2024-06-25 21:32:32,49,12,17,48,05,36,11,green,red,green,blue,green,blue,green,龍,蛇,鼠,蛇,鼠,蛇,馬
2024178,2024-06-26 21:32:32,45,44,12,15,11,49,20,red,green,red,blue,green,green,blue,猴,雞,蛇,虎,馬,龍,雞
2024179,2024-06-27 21:32:32,23,40,25,12,16,35,01,red,red,blue,red,green,red,red,馬,牛,龍,蛇,牛,馬,龍
2024180,2024-06-28 21:32:32,47,28,49,01,39,11,02,blue,green,green,red,green,green,red,馬,牛,龍,龍,虎,馬,兔
2024181,2024-06-29 21:32:32,49,45,46,23,37,11,27,green,red,red,red,blue,green,green,龍,猴,羊,馬,龍,馬,虎
2024182,2024-06-30 21:32:32,09,20,15,30,10,05,27,blue,blue,blue,red,blue,green,green,猴,雞,虎,豬,羊,鼠,虎
2024183,2024-07-01 21:32:32,33,49,15,26,02,11,25,green,green,blue,blue,red,green,blue,猴,龍,虎,兔,兔,馬,龍
2024184,2024-07-02 21:32:32,18,10,24,21,05,27,42,red,blue,red,green,green,green,blue,豬,羊,蛇,猴,鼠,虎,豬
2024185,2024-07-03 21:32:32,38,44,06,12,26,25,42,green,green,green,red,blue,blue,blue,兔,雞,豬,蛇,兔,龍,豬
2024186,2024-07-04 21:32:32,42,15,38,23,17,43,29,blue,blue,green,red,green,green,red,豬,虎,兔,馬,鼠,狗,鼠
2024187,2024-07-05 21:32:32,22,27,02,33,11,19,39,green,green,red,green,green,red,green,羊,虎,兔,猴,馬,狗,虎
2024188,2024-07-06 21:32:32,32,07,33,29,08,40,46,green,red,green,red,red,red,red,雞,狗,猴,鼠,雞,牛,羊
2024189,2024-07-07 21:32:32,42,27,32,26,03,20,43,blue,green,green,blue,blue,blue,green,豬,虎,雞,兔,虎,雞,狗
2024190,2024-07-08 21:32:32,38,15,12,03,16,34,41,green,blue,red,blue,green,red,blue,兔,虎,蛇,虎,牛,羊,鼠
2024191,2024-07-09 21:32:32,11,02,48,19,38,22,39,green,red,blue,red,green,green,green,馬,兔,蛇,狗,兔,羊,虎
2024192,2024-07-10 21:32:32,02,20,03,21,27,10,31,red,blue,blue,green,green,blue,blue,兔,雞,虎,猴,虎,羊,狗
2024193,2024-07-11 21:32:32,35,32,39,49,26,01,04,red,green,green,green,blue,red,blue,馬,雞,虎,龍,兔,龍,牛
2024194,2024-07-12 21:32:32,08,46,15,14,06,32,05,red,red,blue,blue,green,green,green,雞,羊,虎,兔,豬,雞,鼠
2024195,2024-07-13 21:32:32,34,40,05,17,03,26,21,red,red,green,green,blue,blue,green,羊,牛,鼠,鼠,虎,兔,猴
2024196,2024-07-14 21:32:32,48,07,12,20,06,18,39,blue,red,red,blue,green,red,green,蛇,狗,蛇,雞,豬,豬,虎
2024197,2024-07-15 21:32:32,09,03,17,15,22,19,10,blue,blue,green,blue,green,red,blue,猴,虎,鼠,虎,羊,狗,羊
2024198,2024-07-16 21:32:32,08,19,44,22,23,43,16,red,red,green,green,red,green,green,雞,狗,雞,羊,馬,狗,牛
2024199,2024-07-17 21:32:32,20,04,35,36,45,08,15,blue,blue,red,blue,red,red,blue,雞,牛,馬,蛇,猴,雞,虎
2024200,2024-07-18 21:32:32,10,49,46,28,01,15,43,blue,green,red,green,red,blue,green,羊,龍,羊,牛,龍,虎,狗
2024201,2024-07-19 21:32:32,43,20,13,24,08,40,25,green,blue,red,red,red,red,blue,狗,雞,龍,蛇,雞,牛,龍
2024202,2024-07-20 21:32:32,33,04,23,11,19,29,43,green,blue,red,green,red,red,green,猴,牛,馬,馬,狗,鼠,狗
2024203,2024-07-21 21:32:32,11,31,12,20,09,48,45,green,blue,red,blue,blue,blue,red,馬,狗,蛇,雞,猴,蛇,猴
2024204,2024-07-22 21:32:32,27,30,03,34,31,04,05,green,red,blue,red,blue,blue,green,虎,豬,虎,羊,狗,牛,鼠
2024205,2024-07-23 21:32:32,10,25,30,16,07,42,40,blue,blue,red,green,red,blue,red,羊,龍,豬,牛,狗,豬,牛
2024206,2024-07-24 21:32:32,26,11,43,31,36,16,14,blue,green,green,blue,blue,green,blue,兔,馬,狗,狗,蛇,牛,兔
2024207,2024-07-25 21:32:32,15,24,47,01,05,11,18,blue,red,blue,red,green,green,red,虎,蛇,馬,龍,鼠,馬,豬
2024208,2024-07-26 21:32:32,42,28,03,11,05,13,04,blue,green,blue,green,green,red,blue,豬,牛,虎,馬,鼠,龍,牛
2024209,2024-07-27 21:32:32,21,46,05,29,39,12,33,green,red,green,red,green,red,green,猴,羊,鼠,鼠,虎,蛇,猴
2024210,2024-07-28 21:32:32,33,25,24,07,14,26,19,green,blue,red,red,blue,blue,red,猴,龍,蛇,狗,兔,兔,狗
2024211,2024-07-29 21:32:32,32,45,09,27,12,43,20,green,red,blue,green,red,green,blue,雞,猴,猴,虎,蛇,狗,雞
2024212,2024-07-30 21:32:32,44,13,32,40,22,17,49,green,red,green,red,green,green,green,雞,龍,雞,牛,羊,鼠,龍
2024213,2024-07-31 21:32:32,29,22,17,19,40,04,38,red,green,green,red,red,blue,green,鼠,羊,鼠,狗,牛,牛,兔
2024214,2024-08-01 21:32:32,32,48,18,27,44,36,06,green,blue,red,green,green,blue,green,雞,蛇,豬,虎,雞,蛇,豬
2024215,2024-08-02 21:32:32,13,21,26,32,33,02,20,red,green,blue,green,green,red,blue,龍,猴,兔,雞,猴,兔,雞
2024216,2024-08-03 21:32:32,18,07,09,06,28,36,15,red,red,blue,green,green,blue,blue,豬,狗,猴,豬,牛,蛇,虎
2024217,2024-08-04 21:32:32,22,37,49,18,11,30,15,green,blue,green,red,green,red,blue,羊,龍,龍,豬,馬,豬,虎
2024218,2024-08-05 21:32:32,12,27,07,13,03,20,37,red,green,red,red,blue,blue,blue,蛇,虎,狗,龍,虎,雞,龍
2024219,2024-08-06 21:32:32,47,05,40,12,42,09,14,blue,green,red,red,blue,blue,blue,馬,鼠,牛,蛇,豬,猴,兔
2024220,2024-08-07 21:32:32,49,16,24,04,05,33,21,green,green,red,blue,green,green,green,龍,牛,蛇,牛,鼠,猴,猴
2024221,2024-08-08 21:32:32,42,14,48,07,30,16,01,blue,blue,blue,red,red,green,red,豬,兔,蛇,狗,豬,牛,龍
2024222,2024-08-09 21:32:32,33,36,26,41,08,13,19,green,blue,blue,blue,red,red,red,猴,蛇,兔,鼠,雞,龍,狗
2024223,2024-08-10 21:32:32,45,23,24,33,15,18,30,red,red,red,green,blue,red,red,猴,馬,蛇,猴,虎,豬,豬
2024224,2024-08-11 21:32:32,43,05,10,19,30,16,22,green,green,blue,red,red,green,green,狗,鼠,羊,狗,豬,牛,羊
2024225,2024-08-12 21:32:32,36,12,39,28,43,40,05,blue,red,green,green,green,red,green,蛇,蛇,虎,牛,狗,牛,鼠
2024226,2024-08-13 21:32:32,16,03,07,17,42,24,34,green,blue,red,green,blue,red,red,牛,虎,狗,鼠,豬,蛇,羊
2024227,2024-08-14 21:32:32,13,17,29,34,48,28,20,red,green,red,red,blue,green,blue,龍,鼠,鼠,羊,蛇,牛,雞
2024228,2024-08-15 21:32:32,26,18,43,10,21,28,37,blue,red,green,blue,green,green,blue,兔,豬,狗,羊,猴,牛,龍
2024229,2024-08-16 21:32:32,26,28,49,16,34,25,05,blue,green,green,green,red,blue,green,兔,牛,龍,牛,羊,龍,鼠
2024230,2024-08-17 21:32:32,45,48,05,33,43,25,49,red,blue,green,green,green,blue,green,猴,蛇,鼠,猴,狗,龍,龍
2024231,2024-08-18 21:32:32,38,39,09,05,49,02,17,green,green,blue,green,green,red,green,兔,虎,猴,鼠,龍,兔,鼠
2024232,2024-08-19 21:32:32,03,48,24,39,25,44,02,blue,blue,red,green,blue,green,red,虎,蛇,蛇,虎,龍,雞,兔
2024233,2024-08-20 21:32:32,01,08,42,43,34,27,23,red,red,blue,green,red,green,red,龍,雞,豬,狗,羊,虎,馬
2024234,2024-08-21 21:32:32,42,33,19,45,04,43,07,blue,green,red,red,blue,green,red,豬,猴,狗,猴,牛,狗,狗
2024235,2024-08-22 21:32:32,25,38,17,13,29,30,24,blue,green,green,red,red,red,red,龍,兔,鼠,龍,鼠,豬,蛇
2024236,2024-08-23 21:32:32,39,18,17,25,47,10,03,green,red,green,blue,blue,blue,blue,虎,豬,鼠,龍,馬,羊,虎
2024237,2024-08-24 21:32:32,43,31,44,45,01,36,06,green,blue,green,red,red,blue,green,狗,狗,雞,猴,龍,蛇,豬
2024238,2024-08-25 21:32:32,32,42,17,29,02,46,18,green,blue,green,red,red,red,red,雞,豬,鼠,鼠,兔,羊,豬
2024239,2024-08-26 21:32:32,24,45,07,26,25,42,31,red,red,red,blue,blue,blue,blue,蛇,猴,狗,兔,龍,豬,狗
2024240,2024-08-27 21:32:32,29,10,03,43,38,09,24,red,blue,blue,green,green,blue,red,鼠,羊,虎,狗,兔,猴,蛇
2024241,2024-08-28 21:32:32,20,24,46,42,39,21,04,blue,red,red,blue,green,green,blue,雞,蛇,羊,豬,虎,猴,牛
2024242,2024-08-29 21:32:32,36,26,27,29,47,43,30,blue,blue,green,red,blue,green,red,蛇,兔,虎,鼠,馬,狗,豬
2024243,2024-08-30 21:32:32,49,07,09,19,11,38,01,green,red,blue,red,green,green,red,龍,狗,猴,狗,馬,兔,龍
2024244,2024-08-31 21:32:32,26,19,13,23,15,47,03,blue,red,red,red,blue,blue,blue,兔,狗,龍,馬,虎,馬,虎
2024245,2024-09-01 21:32:32,13,06,31,32,25,35,17,red,green,blue,green,blue,red,green,龍,豬,狗,雞,龍,馬,鼠
2024246,2024-09-02 21:32:32,02,46,25,29,38,27,15,red,red,blue,red,green,green,blue,兔,羊,龍,鼠,兔,虎,虎
2024247,2024-09-03 21:32:32,33,13,45,46,29,22,31,green,red,red,red,red,green,blue,猴,龍,猴,羊,鼠,羊,狗
2024248,2024-09-04 21:32:32,05,34,14,29,19,32,11,green,red,blue,red,red,green,green,鼠,羊,兔,鼠,狗,雞,馬
2024249,2024-09-05 21:32:32,01,44,15,06,37,38,32,red,green,blue,green,blue,green,green,龍,雞,虎,豬,龍,兔,雞
2024250,2024-09-06 21:32:32,14,15,28,33,41,19,24,blue,blue,green,green,blue,red,red,兔,虎,牛,猴,鼠,狗,蛇
2024251,2024-09-07 21:32:32,31,30,29,22,12,06,14,blue,red,red,green,red,green,blue,狗,豬,鼠,羊,蛇,豬,兔
2024252,2024-09-08 21:32:32,32,40,01,44,35,08,36,green,red,red,green,red,red,blue,雞,牛,龍,雞,馬,雞,蛇
2024253,2024-09-09 21:32:32,01,19,23,27,28,29,47,red,red,red,green,green,red,blue,龍,狗,馬,虎,牛,鼠,馬
2024254,2024-09-10 21:32:32,44,25,13,04,21,10,27,green,blue,red,blue,green,blue,green,雞,龍,龍,牛,猴,羊,虎
2024255,2024-09-11 21:32:32,36,34,22,35,16,21,30,blue,red,green,red,green,green,red,蛇,羊,羊,馬,牛,猴,豬
2024256,2024-09-12 21:32:32,40,24,37,21,38,42,39,red,red,blue,green,green,blue,green,牛,蛇,龍,猴,兔,豬,虎
2024257,2024-09-13 21:32:32,46,03,20,35,15,11,08,red,blue,blue,red,blue,green,red,羊,虎,雞,馬,虎,馬,雞
2024258,2024-09-14 21:32:32,35,18,03,17,25,11,40,red,red,blue,green,blue,green,red,馬,豬,虎,鼠,龍,馬,牛
2024259,2024-09-15 21:32:32,06,09,02,33,08,03,29,green,blue,red,green,red,blue,red,豬,猴,兔,猴,雞,虎,鼠
2024260,2024-09-16 21:32:32,31,23,07,49,24,17,40,blue,red,red,green,red,green,red,狗,馬,狗,龍,蛇,鼠,牛
2024261,2024-09-17 21:32:32,10,24,44,32,07,31,01,blue,red,green,green,red,blue,red,羊,蛇,雞,雞,狗,狗,龍
2024262,2024-09-18 21:32:32,16,24,29,22,15,13,44,green,red,red,green,blue,red,green,牛,蛇,鼠,羊,虎,龍,雞
2024263,2024-09-19 21:32:32,44,22,08,05,47,20,13,green,green,red,green,blue,blue,red,雞,羊,雞,鼠,馬,雞,龍
2024264,2024-09-20 21:32:32,32,44,45,19,43,33,30,green,green,red,red,green,green,red,雞,雞,猴,狗,狗,猴,豬
2024265,2024-09-21 21:32:32,17,07,38,02,23,40,16,green,red,green,red,red,red,green,鼠,狗,兔,兔,馬,牛,牛
2024266,2024-09-22 21:32:32,19,37,03,41,40,31,27,red,blue,blue,blue,red,blue,green,狗,龍,虎,鼠,牛,狗,虎
2024267,2024-09-23 21:32:32,21,38,22,16,01,34,12,green,green,green,green,red,red,red,猴,兔,羊,牛,龍,羊,蛇
2024268,2024-09-24 21:32:32,34,26,09,27,17,35,22,red,blue,blue,green,green,red,green,羊,兔,猴,虎,鼠,馬,羊
2024269,2024-09-25 21:32:32,24,26,36,23,38,33,11,red,blue,blue,red,green,green,green,蛇,兔,蛇,馬,兔,猴,馬
2024270,2024-09-26 21:32:32,24,04,46,01,12,49,42,red,blue,red,red,red,green,blue,蛇,牛,羊,龍,蛇,龍,豬
2024271,2024-09-27 21:32:32,49,29,22,16,48,17,40,green,red,green,green,blue,green,red,龍,鼠,羊,牛,蛇,鼠,牛
2024272,2024-09-28 21:32:32,17,10,24,34,12,18,30,green,blue,red,red,red,red,red,鼠,羊,蛇,羊,蛇,豬,豬
2024273,2024-09-29 21:32:32,18,47,24,30,05,12,41,red,blue,red,red,green,red,blue,豬,馬,蛇,豬,鼠,蛇,鼠
2024274,2024-09-30 21:32:32,41,16,28,23,29,35,49,blue,green,green,red,red,red,green,鼠,牛,牛,馬,鼠,馬,龍
2024275,2024-10-01 21:32:32,40,05,09,49,25,30,41,red,green,blue,green,blue,red,blue,牛,鼠,猴,龍,龍,豬,鼠
2024276,2024-10-02 21:32:32,25,13,41,39,21,16,29,blue,red,blue,green,green,green,red,龍,龍,鼠,虎,猴,牛,鼠
2024277,2024-10-03 21:32:32,11,02,09,45,35,27,26,green,red,blue,red,red,green,blue,馬,兔,猴,猴,馬,虎,兔
2024278,2024-10-04 21:32:32,28,38,46,02,23,31,07,green,green,red,red,red,blue,red,牛,兔,羊,兔,馬,狗,狗
2024279,2024-10-05 21:32:32,29,16,02,09,49,05,40,red,green,red,blue,green,green,red,鼠,牛,兔,猴,龍,鼠,牛
2024280,2024-10-06 21:32:32,05,14,40,28,02,13,22,green,blue,red,green,red,red,green,鼠,兔,牛,牛,兔,龍,羊
2024281,2024-10-07 21:32:32,15,35,13,23,26,39,43,blue,red,red,red,blue,green,green,虎,馬,龍,馬,兔,虎,狗
2024282,2024-10-08 21:32:32,47,19,03,40,09,34,13,blue,red,blue,red,blue,red,red,馬,狗,虎,牛,猴,羊,龍
2024283,2024-10-09 21:32:32,02,24,29,27,07,39,47,red,red,red,green,red,green,blue,兔,蛇,鼠,虎,狗,虎,馬
2024284,2024-10-10 21:32:32,05,40,39,11,37,29,27,green,red,green,green,blue,red,green,鼠,牛,虎,馬,龍,鼠,虎
2024285,2024-10-11 21:32:32,43,04,46,28,14,19,21,green,blue,red,green,blue,red,green,狗,牛,羊,牛,兔,狗,猴
2024286,2024-10-12 21:32:32,25,30,14,09,10,15,45,blue,red,blue,blue,blue,blue,red,龍,豬,兔,猴,羊,虎,猴
2024287,2024-10-13 21:32:32,18,37,29,21,12,36,40,red,blue,red,green,red,blue,red,豬,龍,鼠,猴,蛇,蛇,牛
2024288,2024-10-14 21:32:32,30,11,27,15,18,45,26,red,green,green,blue,red,red,blue,豬,馬,虎,虎,豬,猴,兔
2024289,2024-10-15 21:32:32,27,37,30,15,48,20,04,green,blue,red,blue,blue,blue,blue,虎,龍,豬,虎,蛇,雞,牛
2024290,2024-10-16 21:32:32,14,35,43,44,37,16,11,blue,red,green,green,blue,green,green,兔,馬,狗,雞,龍,牛,馬
2024291,2024-10-17 21:32:32,11,01,29,31,38,08,14,green,red,red,blue,green,red,blue,馬,龍,鼠,狗,兔,雞,兔
2024292,2024-10-18 21:32:32,31,26,06,19,35,48,44,blue,blue,green,red,red,blue,green,狗,兔,豬,狗,馬,蛇,雞
2024293,2024-10-19 21:32:32,10,48,37,18,46,05,30,blue,blue,blue,red,red,green,red,羊,蛇,龍,豬,羊,鼠,豬
2024294,2024-10-20 21:32:32,36,13,11,15,26,27,48,blue,red,green,blue,blue,green,blue,蛇,龍,馬,虎,兔,虎,蛇
2024295,2024-10-21 21:32:32,48,14,49,18,09,38,24,blue,blue,green,red,blue,green,red,蛇,兔,龍,豬,猴,兔,蛇
2024296,2024-10-22 21:32:32,41,05,47,10,40,16,09,blue,green,blue,blue,red,green,blue,鼠,鼠,馬,羊,牛,牛,猴
2024297,2024-10-23 21:32:32,43,02,30,39,12,03,49,green,red,red,green,red,blue,green,狗,兔,豬,虎,蛇,虎,龍
2024298,2024-10-24 21:32:32,31,17,03,29,18,08,44,blue,green,blue,red,red,red,green,狗,鼠,虎,鼠,豬,雞,雞
2024299,2024-10-25 21:32:32,03,10,37,31,17,43,21,blue,blue,blue,blue,green,green,green,虎,羊,龍,狗,鼠,狗,猴
2024300,2024-10-26 21:32:32,42,22,45,19,07,25,46,blue,green,red,red,red,blue,red,豬,羊,猴,狗,狗,龍,羊
2024301,2024-10-27 21:32:32,30,34,25,33,31,44,16,red,red,blue,green,blue,green,green,豬,羊,龍,猴,狗,雞,牛
2024302,2024-10-28 21:32:32,42,49,12,04,32,20,24,blue,green,red,blue,green,blue,red,豬,龍,蛇,牛,雞,雞,蛇
2024303,2024-10-29 21:32:32,23,44,49,34,17,04,38,red,green,green,red,green,blue,green,馬,雞,龍,羊,鼠,牛,兔
2024304,2024-10-30 21:32:32,03,26,09,36,38,37,17,blue,blue,blue,blue,green,blue,green,虎,兔,猴,蛇,兔,龍,鼠
2024305,2024-10-31 21:32:32,10,38,45,17,44,03,32,blue,green,red,green,green,blue,green,羊,兔,猴,鼠,雞,虎,雞
2024306,2024-11-01 21:32:32,21,41,43,33,26,30,08,green,blue,green,green,blue,red,red,猴,鼠,狗,猴,兔,豬,雞
2024307,2024-11-02 21:32:32,44,27,37,34,48,24,03,green,green,blue,red,blue,red,blue,雞,虎,龍,羊,蛇,蛇,虎
2024308,2024-11-03 21:32:32,44,34,41,20,21,43,22,green,red,blue,blue,green,green,green,雞,羊,鼠,雞,猴,狗,羊
2024309,2024-11-04 21:32:32,19,35,29,25,01,27,09,red,red,red,blue,red,green,blue,狗,馬,鼠,龍,龍,虎,猴
2024310,2024-11-05 21:32:32,31,38,19,41,23,24,04,blue,green,red,blue,red,red,blue,狗,兔,狗,鼠,馬,蛇,牛
2024311,2024-11-06 21:32:32,49,26,29,41,36,25,21,green,blue,red,blue,blue,blue,green,龍,兔,鼠,鼠,蛇,龍,猴
2024312,2024-11-07 21:32:32,39,26,45,07,29,23,48,green,blue,red,red,red,red,blue,虎,兔,猴,狗,鼠,馬,蛇
2024313,2024-11-08 21:32:32,07,11,48,41,02,15,46,red,green,blue,blue,red,blue,red,狗,馬,蛇,鼠,兔,虎,羊
2024314,2024-11-09 21:32:32,17,30,40,12,41,15,18,green,red,red,red,blue,blue,red,鼠,豬,牛,蛇,鼠,虎,豬
2024315,2024-11-10 21:32:32,30,04,21,18,07,47,35,red,blue,green,red,red,blue,red,豬,牛,猴,豬,狗,馬,馬
2024316,2024-11-11 21:32:32,44,03,17,12,15,10,05,green,blue,green,red,blue,blue,green,雞,虎,鼠,蛇,虎,羊,鼠
2024317,2024-11-12 21:32:32,43,01,18,19,20,09,13,green,red,red,red,blue,blue,red,狗,龍,豬,狗,雞,猴,龍
2024318,2024-11-13 21:32:32,39,22,37,27,45,14,44,green,green,blue,green,red,blue,green,虎,羊,龍,虎,猴,兔,雞
2024319,2024-11-14 21:32:32,16,07,42,33,40,06,41,green,red,blue,green,red,green,blue,牛,狗,豬,猴,牛,豬,鼠
2024320,2024-11-15 21:32:32,40,32,10,28,18,49,12,red,green,blue,green,red,green,red,牛,雞,羊,牛,豬,龍,蛇
2024321,2024-11-16 21:32:32,11,49,22,24,46,42,36,green,green,green,red,red,blue,blue,馬,龍,羊,蛇,羊,豬,蛇
2024322,2024-11-17 21:32:32,05,34,12,09,33,17,27,green,red,red,blue,green,green,green,鼠,羊,蛇,猴,猴,鼠,虎
2024323,2024-11-18 21:32:32,40,19,37,41,15,30,39,red,red,blue,blue,blue,red,green,牛,狗,龍,鼠,虎,豬,虎
2024324,2024-11-19 21:32:32,24,28,26,02,37,32,01,red,green,blue,red,blue,green,red,蛇,牛,兔,兔,龍,雞,龍
2024325,2024-11-20 21:32:32,05,03,10,09,32,19,28,green,blue,blue,blue,green,red,green,鼠,虎,羊,猴,雞,狗,牛
2024326,2024-11-21 21:32:32,47,06,39,10,01,05,19,blue,green,green,blue,red,green,red,馬,豬,虎,羊,龍,鼠,狗
2024327,2024-11-22 21:32:32,11,07,02,13,03,15,41,green,red,red,red,blue,blue,blue,馬,狗,兔,龍,虎,虎,鼠
2024328,2024-11-23 21:32:32,48,05,44,27,40,31,20,blue,green,green,green,red,blue,blue,蛇,鼠,雞,虎,牛,狗,雞
2024329,2024-11-24 21:32:32,02,16,15,01,13,17,14,red,green,blue,red,red,green,blue,兔,牛,虎,龍,龍,鼠,兔
2024330,2024-11-25 21:32:32,36,31,42,48,41,02,11,blue,blue,blue,blue,blue,red,green,蛇,狗,豬,蛇,鼠,兔,馬
2024331,2024-11-26 21:32:32,04,17,03,20,05,19,06,blue,green,blue,blue,green,red,green,牛,鼠,虎,雞,鼠,狗,豬
2024332,2024-11-27 21:32:32,05,35,44,49,40,11,32,green,red,green,green,red,green,green,鼠,馬,雞,龍,牛,馬,雞
2024333,2024-11-28 21:32:32,37,49,05,11,19,06,04,blue,green,green,green,red,green,blue,龍,龍,鼠,馬,狗,豬,牛
2024334,2024-11-29 21:32:32,10,02,39,36,47,42,46,blue,red,green,blue,blue,blue,red,羊,兔,虎,蛇,馬,豬,羊
2024335,2024-11-30 21:32:32,05,42,49,10,40,36,34,green,blue,green,blue,red,blue,red,鼠,豬,龍,羊,牛,蛇,羊
2024336,2024-12-01 21:32:32,32,39,33,36,40,15,05,green,green,green,blue,red,blue,green,雞,虎,猴,蛇,牛,虎,鼠
2024337,2024-12-02 21:32:32,04,32,29,45,36,23,48,blue,green,red,red,blue,red,blue,牛,雞,鼠,猴,蛇,馬,蛇
2024338,2024-12-03 21:32:32,15,39,49,45,28,22,40,blue,green,green,red,green,green,red,虎,虎,龍,猴,牛,羊,牛
2024339,2024-12-04 21:32:32,25,41,40,42,29,15,38,blue,blue,red,blue,red,blue,green,龍,鼠,牛,豬,鼠,虎,兔
2024340,2024-12-05 21:32:32,08,38,30,45,09,42,47,red,green,red,red,blue,blue,blue,雞,兔,豬,猴,猴,豬,馬
2024341,2024-12-06 21:32:32,09,26,06,19,46,43,18,blue,blue,green,red,red,green,red,猴,兔,豬,狗,羊,狗,豬
2024342,2024-12-07 21:32:32,29,33,23,16,48,35,49,red,green,red,green,blue,red,green,鼠,猴,馬,牛,蛇,馬,龍
2024343,2024-12-08 21:32:32,08,47,20,27,02,35,45,red,blue,blue,green,red,red,red,雞,馬,雞,虎,兔,馬,猴
2024344,2024-12-09 21:32:32,15,25,11,28,42,49,02,blue,blue,green,green,blue,green,red,虎,龍,馬,牛,豬,龍,兔
2024345,2024-12-10 21:32:32,45,48,44,38,34,30,46,red,blue,green,green,red,red,red,猴,蛇,雞,兔,羊,豬,羊
2024346,2024-12-11 21:32:32,32,35,18,07,30,25,41,green,red,red,red,red,blue,blue,雞,馬,豬,狗,豬,龍,鼠
2024347,2024-12-12 21:32:32,37,16,39,33,35,02,28,blue,green,green,green,red,red,green,龍,牛,虎,猴,馬,兔,牛
2024348,2024-12-13 21:32:32,49,29,21,26,30,11,17,green,red,green,blue,red,green,green,龍,鼠,猴,兔,豬,馬,鼠
2024349,2024-12-14 21:32:32,35,22,46,24,41,08,01,red,green,red,red,blue,red,red,馬,羊,羊,蛇,鼠,雞,龍
2024350,2024-12-15 21:32:32,08,03,18,02,41,10,04,red,blue,red,red,blue,blue,blue,雞,虎,豬,兔,鼠,羊,牛
2024351,2024-12-16 21:32:32,20,01,02,05,22,17,27,blue,red,red,green,green,green,green,雞,龍,兔,鼠,羊,鼠,虎
2024352,2024-12-17 21:32:32,09,13,20,05,40,26,10,blue,red,blue,green,red,blue,blue,猴,龍,雞,鼠,牛,兔,羊
2024353,2024-12-18 21:32:32,34,40,03,36,21,12,47,red,red,blue,blue,green,red,blue,羊,牛,虎,蛇,猴,蛇,馬
2024354,2024-12-19 21:32:32,06,22,44,02,20,36,25,green,green,green,red,blue,blue,blue,豬,羊,雞,兔,雞,蛇,龍
2024355,2024-12-20 21:32:32,09,16,37,12,14,47,49,blue,green,blue,red,blue,blue,green,猴,牛,龍,蛇,兔,馬,龍
2024356,2024-12-21 21:32:32,43,44,23,19,01,02,46,green,green,red,red,red,red,red,狗,雞,馬,狗,龍,兔,羊
2024357,2024-12-22 21:32:32,37,07,31,20,16,26,09,blue,red,blue,blue,green,blue,blue,龍,狗,狗,雞,牛,兔,猴
2024358,2024-12-23 21:32:32,16,18,19,22,03,05,21,green,red,red,green,blue,green,green,牛,豬,狗,羊,虎,鼠,猴
2024359,2024-12-24 21:32:32,02,31,06,34,40,22,15,red,blue,green,red,red,green,blue,兔,狗,豬,羊,牛,羊,虎
2024360,2024-12-25 21:32:32,35,25,19,24,36,26,14,red,blue,red,red,blue,blue,blue,馬,龍,狗,蛇,蛇,兔,兔
2024361,2024-12-26 21:32:32,04,22,15,31,28,46,20,blue,green,blue,blue,green,red,blue,牛,羊,虎,狗,牛,羊,雞
2024362,2024-12-27 21:32:32,10,48,43,05,04,34,02,blue,blue,green,green,blue,red,red,羊,蛇,狗,鼠,牛,羊,兔
2024363,2024-12-28 21:32:32,36,42,32,01,05,16,04,blue,blue,green,red,green,green,blue,蛇,豬,雞,龍,鼠,牛,牛
2024364,2024-12-29 21:32:32,47,13,11,40,43,15,01,blue,red,green,red,green,blue,red,馬,龍,馬,牛,狗,虎,龍
2024365,2024-12-30 21:32:32,05,36,06,40,17,13,30,green,blue,green,red,green,red,red,鼠,蛇,豬,牛,鼠,龍,豬
2024366,2024-12-31 21:32:32,17,43,25,45,21,24,06,green,green,blue,red,green,red,green,鼠,狗,龍,猴,猴,蛇,豬
2025001,2025-01-01 21:32:32,25,18,06,14,29,39,22,blue,red,green,blue,red,green,green,龍,豬,豬,兔,鼠,虎,羊
2025002,2025-01-02 21:32:32,13,04,10,06,05,28,37,red,blue,blue,green,green,green,blue,龍,牛,羊,豬,鼠,牛,龍
2025003,2025-01-03 21:32:32,28,01,16,47,18,42,33,green,red,green,blue,red,blue,green,牛,龍,牛,馬,豬,豬,猴
2025004,2025-01-04 21:32:32,45,16,17,07,37,28,33,red,green,green,red,blue,green,green,猴,牛,鼠,狗,龍,牛,猴
2025005,2025-01-05 21:32:32,35,21,10,03,32,40,08,red,green,blue,blue,green,red,red,馬,猴,羊,虎,雞,牛,雞
2025006,2025-01-06 21:32:32,03,13,12,28,01,18,04,blue,red,red,green,red,red,blue,虎,龍,蛇,牛,龍,豬,牛
2025007,2025-01-07 21:32:32,32,12,48,45,39,07,15,green,red,blue,red,green,red,blue,雞,蛇,蛇,猴,虎,狗,虎
2025008,2025-01-08 21:32:32,13,24,48,23,32,20,46,red,red,blue,red,green,blue,red,龍,蛇,蛇,馬,雞,雞,羊
2025009,2025-01-09 21:32:32,23,17,43,01,10,13,30,red,green,green,red,blue,red,red,馬,鼠,狗,龍,羊,龍,豬
2025010,2025-01-10 21:32:32,37,18,17,47,21,23,25,blue,red,green,blue,green,red,blue,龍,豬,鼠,馬,猴,馬,龍
2025011,2025-01-11 21:32:32,07,45,03,30,01,10,06,red,red,blue,red,red,blue,green,狗,猴,虎,豬,龍,羊,豬
2025012,2025-01-12 21:32:32,24,32,10,15,37,04,39,red,green,blue,blue,blue,blue,green,蛇,雞,羊,虎,龍,牛,虎
2025013,2025-01-13 21:32:32,42,43,36,11,25,47,07,blue,green,blue,green,blue,blue,red,豬,狗,蛇,馬,龍,馬,狗
2025014,2025-01-14 21:32:32,48,20,30,39,41,06,27,blue,blue,red,green,blue,green,green,蛇,雞,豬,虎,鼠,豬,虎
2025015,2025-01-15 21:32:32,13,37,02,03,43,12,36,red,blue,red,blue,green,red,blue,龍,龍,兔,虎,狗,蛇,蛇
2025016,2025-01-16 21:32:32,40,22,27,42,43,39,21,red,green,green,blue,green,green,green,牛,羊,虎,豬,狗,虎,猴
2025017,2025-01-17 21:32:32,42,29,20,49,22,06,38,blue,red,blue,green,green,green,green,豬,鼠,雞,龍,羊,豬,兔
2025018,2025-01-18 21:32:32,12,01,24,33,21,44,10,red,red,red,green,green,green,blue,蛇,龍,蛇,猴,猴,雞,羊
2025019,2025-01-19 21:32:32,03,23,49,13,39,26,06,blue,red,green,red,green,blue,green,虎,馬,龍,龍,虎,兔,豬
2025020,2025-01-20 21:32:32,44,04,47,01,49,14,34,green,blue,blue,red,green,blue,red,雞,牛,馬,龍,龍,兔,羊
2025021,2025-01-21 21:32:32,39,19,24,31,32,30,14,green,red,red,blue,green,red,blue,虎,狗,蛇,狗,雞,豬,兔
2025022,2025-01-22 21:32:32,27,23,26,14,16,18,04,green,red,blue,blue,green,red,blue,虎,馬,兔,兔,牛,豬,牛
2025023,2025-01-23 21:32:32,15,43,06,30,16,09,45,blue,green,green,red,green,blue,red,虎,狗,豬,豬,牛,猴,猴
2025024,2025-01-24 21:32:32,03,45,18,40,28,02,41,blue,red,red,red,green,red,blue,虎,猴,豬,牛,牛,兔,鼠
2025025,2025-01-25 21:32:32,17,42,28,44,05,20,30,green,blue,green,green,green,blue,red,鼠,豬,牛,雞,鼠,雞,豬
2025026,2025-01-26 21:32:32,36,25,07,02,34,09,37,blue,blue,red,red,red,blue,blue,蛇,龍,狗,兔,羊,猴,龍
2025027,2025-01-27 21:32:32,02,06,28,32,45,16,25,red,green,green,green,red,green,blue,兔,豬,牛,雞,猴,牛,龍
2025028,2025-01-28 21:32:32,34,14,29,33,05,28,40,red,blue,red,green,green,green,red,羊,兔,鼠,猴,鼠,牛,牛
2025029,2025-01-29 21:32:32,14,46,03,35,43,10,13,blue,red,blue,red,green,blue,red,龍,猴,兔,羊,豬,猴,蛇
2025030,2025-01-30 21:32:32,27,39,23,45,44,46,25,green,green,red,red,green,red,blue,兔,兔,羊,雞,狗,猴,蛇
2025031,2025-01-31 21:32:32,30,23,08,24,33,25,22,red,red,red,red,green,blue,green,鼠,羊,狗,馬,雞,蛇,猴
2025032,2025-02-01 21:32:32,22,15,13,02,17,33,39,green,blue,red,red,green,green,green,猴,兔,蛇,龍,牛,雞,兔
2025033,2025-02-02 21:32:32,41,22,19,40,46,39,48,blue,green,red,red,red,green,blue,牛,猴,豬,虎,猴,兔,馬
2025034,2025-02-03 21:32:32,01,04,21,40,16,49,23,red,blue,green,red,green,green,red,蛇,虎,雞,虎,虎,蛇,羊
2025035,2025-02-04 21:32:32,27,35,32,37,06,18,21,green,red,green,blue,green,red,green,兔,羊,狗,蛇,鼠,鼠,雞
2025036,2025-02-05 21:32:32,38,07,19,47,10,40,29,green,red,red,blue,blue,red,red,龍,豬,豬,羊,猴,虎,牛
2025037,2025-02-06 21:32:32,35,32,46,08,37,16,25,red,green,red,red,blue,green,blue,羊,狗,猴,狗,蛇,虎,蛇
2025038,2025-02-07 21:32:32,11,01,47,39,12,03,20,green,red,blue,green,red,blue,blue,羊,蛇,羊,兔,馬,兔,狗
2025039,2025-02-08 21:32:32,41,48,10,17,34,43,40,blue,blue,blue,green,red,green,red,牛,馬,猴,牛,猴,豬,虎
2025040,2025-02-09 21:32:32,01,32,35,30,08,16,20,red,green,red,red,red,green,blue,蛇,狗,羊,鼠,狗,虎,狗
2025041,2025-02-10 21:32:32,48,35,22,30,26,04,28,blue,red,green,red,blue,blue,green,馬,羊,猴,鼠,龍,虎,虎
2025042,2025-02-11 21:32:32,44,13,39,22,46,47,42,green,red,green,green,red,blue,blue,狗,蛇,兔,猴,猴,羊,鼠
2025043,2025-02-12 21:32:32,04,27,38,40,19,35,37,blue,green,green,red,red,red,blue,虎,兔,龍,虎,豬,羊,蛇
2025044,2025-02-13 21:32:32,24,28,46,34,14,43,07,red,green,red,red,blue,green,red,馬,虎,猴,猴,龍,豬,豬
2025045,2025-02-14 21:32:32,40,28,03,48,31,08,30,red,green,blue,blue,blue,red,red,虎,虎,兔,馬,豬,狗,鼠
2025046,2025-02-15 21:32:32,41,01,24,34,33,30,12,blue,red,red,red,green,red,red,牛,蛇,馬,猴,雞,鼠,馬
2025047,2025-02-16 21:32:32,14,22,13,31,20,16,12,blue,green,red,blue,blue,green,red,龍,猴,蛇,豬,狗,虎,馬
2025048,2025-02-17 21:32:32,07,35,23,33,46,27,18,red,red,red,green,red,green,red,豬,羊,羊,雞,猴,兔,鼠
2025049,2025-02-18 21:32:32,49,05,01,17,31,06,43,green,green,red,green,blue,green,green,蛇,牛,蛇,牛,豬,鼠,豬
2025050,2025-02-19 21:32:32,29,21,46,48,15,45,05,red,green,red,blue,blue,red,green,牛,雞,猴,馬,兔,雞,牛
2025051,2025-02-20 21:32:32,27,22,31,07,13,18,49,green,green,blue,red,red,red,green,兔,猴,豬,豬,蛇,鼠,蛇
2025052,2025-02-21 21:32:32,07,06,17,13,34,31,10,red,green,green,red,red,blue,blue,豬,鼠,牛,蛇,猴,豬,猴
2025053,2025-02-22 21:32:32,33,48,05,19,13,17,11,green,blue,green,red,red,green,green,雞,馬,牛,豬,蛇,牛,羊
2025054,2025-02-23 21:32:32,23,28,30,35,19,27,25,red,green,red,red,red,green,blue,羊,虎,鼠,羊,豬,兔,蛇
2025055,2025-02-24 21:32:32,47,36,40,43,11,37,44,blue,blue,red,green,green,blue,green,羊,馬,虎,豬,羊,蛇,狗
2025056,2025-02-25 21:32:32,41,08,33,30,43,07,42,blue,red,green,red,green,red,blue,牛,狗,雞,鼠,豬,豬,鼠
2025057,2025-02-26 21:32:32,10,11,13,01,40,22,20,blue,green,red,red,red,green,blue,猴,羊,蛇,蛇,虎,猴,狗
2025058,2025-02-27 21:32:32,22,23,33,34,49,19,31,green,red,green,red,green,red,blue,猴,羊,雞,猴,蛇,豬,豬
2025059,2025-02-28 21:32:32,40,16,17,26,36,04,24,red,green,green,blue,blue,blue,red,虎,虎,牛,龍,馬,虎,馬
2025060,2025-03-01 21:32:32,10,08,17,13,47,44,11,blue,red,green,red,blue,green,green,猴,狗,牛,蛇,羊,狗,羊
2025061,2025-03-02 21:32:32,42,28,39,06,23,35,10,blue,green,green,green,red,red,blue,鼠,虎,兔,鼠,羊,羊,猴
2025062,2025-03-03 21:32:32,27,37,10,26,02,48,35,green,blue,blue,blue,red,blue,red,兔,蛇,猴,龍,龍,馬,羊
2025063,2025-03-04 21:32:32,42,05,38,03,49,21,23,blue,green,green,blue,green,green,red,鼠,牛,龍,兔,蛇,雞,羊
2025064,2025-03-05 21:32:32,48,40,03,33,47,04,31,blue,red,blue,green,blue,blue,blue,馬,虎,兔,雞,羊,虎,豬
2025065,2025-03-06 21:32:32,30,41,38,25,35,16,48,red,blue,green,blue,red,green,blue,鼠,牛,龍,蛇,羊,虎,馬
2025066,2025-03-07 21:32:32,49,45,27,22,13,26,12,green,red,green,green,red,blue,red,蛇,雞,兔,猴,蛇,龍,馬
2025067,2025-03-08 21:32:32,15,35,39,48,45,11,44,blue,red,green,blue,red,green,green,兔,羊,兔,馬,雞,羊,狗
2025068,2025-03-09 21:32:32,42,33,47,40,30,02,44,blue,green,blue,red,red,red,green,鼠,雞,羊,虎,鼠,龍,狗
2025069,2025-03-10 21:32:32,44,30,05,40,06,15,29,green,red,green,red,green,blue,red,狗,鼠,牛,虎,鼠,兔,牛
2025070,2025-03-11 21:32:32,16,35,46,25,19,18,43,green,red,red,blue,red,red,green,虎,羊,猴,蛇,豬,鼠,豬
2025071,2025-03-12 21:32:32,32,09,44,36,23,40,49,green,blue,green,blue,red,red,green,狗,雞,狗,馬,羊,虎,蛇
2025072,2025-03-13 21:32:32,35,37,48,33,14,22,40,red,blue,blue,green,blue,green,red,羊,蛇,馬,雞,龍,猴,虎
2025073,2025-03-14 21:32:32,43,22,48,23,33,10,03,green,green,blue,red,green,blue,blue,豬,猴,馬,羊,雞,猴,兔
2025074,2025-03-15 21:32:32,22,21,01,47,29,11,35,green,green,red,blue,red,green,red,猴,雞,蛇,羊,牛,羊,羊
2025075,2025-03-16 21:32:32,30,05,10,37,32,07,09,red,green,blue,blue,green,red,blue,鼠,牛,猴,蛇,狗,豬,雞
2025076,2025-03-17 21:32:32,28,02,14,10,16,23,39,green,red,blue,blue,green,red,green,虎,龍,龍,猴,虎,羊,兔
2025077,2025-03-18 21:32:32,05,23,27,17,11,39,22,green,red,green,green,green,green,green,牛,羊,兔,牛,羊,兔,猴
2025078,2025-03-19 21:32:32,15,38,18,03,08,11,28,blue,green,red,blue,red,green,green,兔,龍,鼠,兔,狗,羊,虎
2025079,2025-03-20 21:32:32,04,20,09,32,29,44,10,blue,blue,blue,green,red,green,blue,虎,狗,雞,狗,牛,狗,猴
2025080,2025-03-21 21:32:32,27,38,29,02,44,31,24,green,green,red,red,green,blue,red,兔,龍,牛,龍,狗,豬,馬
2025081,2025-03-22 21:32:32,48,08,40,09,18,27,38,blue,red,red,blue,red,green,green,馬,狗,虎,雞,鼠,兔,龍
2025082,2025-03-23 21:32:32,10,35,04,45,24,09,34,blue,red,blue,red,red,blue,red,猴,羊,虎,雞,馬,雞,猴
2025083,2025-03-24 21:32:32,45,04,06,47,46,11,28,red,blue,green,blue,red,green,green,雞,虎,鼠,羊,猴,羊,虎
2025084,2025-03-25 21:32:32,17,45,24,23,38,40,20,green,red,red,red,green,red,blue,牛,雞,馬,羊,龍,虎,狗
2025085,2025-03-26 21:32:32,32,31,18,14,08,19,35,green,blue,red,blue,red,red,red,狗,豬,鼠,龍,狗,豬,羊
2025086,2025-03-27 21:32:32,19,29,31,02,42,26,30,red,red,blue,red,blue,blue,red,豬,牛,豬,龍,鼠,龍,鼠
2025087,2025-03-28 21:32:32,30,16,14,28,29,03,15,red,green,blue,green,red,blue,blue,鼠,虎,龍,虎,牛,兔,兔
2025088,2025-03-29 21:32:32,14,11,39,10,45,33,15,blue,green,green,blue,red,green,blue,龍,羊,兔,猴,雞,雞,兔
2025089,2025-03-30 21:32:32,45,19,13,25,15,27,14,red,red,red,blue,blue,green,blue,雞,豬,蛇,蛇,兔,兔,龍
2025090,2025-03-31 21:32:32,17,07,23,38,12,18,35,green,red,red,green,red,red,red,牛,豬,羊,龍,馬,鼠,羊
2025091,2025-04-01 21:32:32,35,23,32,31,08,24,40,red,red,green,blue,red,red,red,羊,羊,狗,豬,狗,馬,虎
2025092,2025-04-02 21:32:32,23,24,36,03,04,32,39,red,red,blue,blue,blue,green,green,羊,馬,馬,兔,虎,狗,兔
2025093,2025-04-03 21:32:32,16,23,28,21,27,46,10,green,red,green,green,green,red,blue,虎,羊,虎,雞,兔,猴,猴
2025094,2025-04-04 21:32:32,35,43,31,37,15,39,33,red,green,blue,blue,blue,green,green,羊,豬,豬,蛇,兔,兔,雞
2025095,2025-04-05 21:32:32,04,43,37,40,24,16,20,blue,green,blue,red,red,green,blue,虎,豬,蛇,虎,馬,虎,狗
2025096,2025-04-06 21:32:32,42,46,25,05,40,22,34,blue,red,blue,green,red,green,red,鼠,猴,蛇,牛,虎,猴,猴
2025097,2025-04-07 21:32:32,01,32,24,23,04,02,31,red,green,red,red,blue,red,blue,蛇,狗,馬,羊,虎,龍,豬
2025098,2025-04-08 21:32:32,30,39,31,08,21,20,03,red,green,blue,red,green,blue,blue,鼠,兔,豬,狗,雞,狗,兔
2025099,2025-04-09 21:32:32,01,34,43,38,06,22,20,red,red,green,green,green,green,blue,蛇,猴,豬,龍,鼠,猴,狗
2025100,2025-04-10 21:32:32,25,03,34,08,31,41,42,blue,blue,red,red,blue,blue,blue,蛇,兔,猴,狗,豬,牛,鼠
2025101,2025-04-11 21:32:32,20,49,36,37,42,30,01,blue,green,blue,blue,blue,red,red,狗,蛇,馬,蛇,鼠,鼠,蛇
2025102,2025-04-12 21:32:32,24,40,07,30,47,09,38,red,red,red,red,blue,blue,green,馬,虎,豬,鼠,羊,雞,龍
2025103,2025-04-13 21:32:32,16,28,03,30,42,49,32,green,green,blue,red,blue,green,green,虎,虎,兔,鼠,鼠,蛇,狗
2025104,2025-04-14 21:32:32,09,20,33,11,32,21,06,blue,blue,green,green,green,green,green,雞,狗,雞,羊,狗,雞,鼠
2025105,2025-04-15 21:32:32,12,28,48,37,18,43,26,red,green,blue,blue,red,green,blue,馬,虎,馬,蛇,鼠,豬,龍
2025106,2025-04-16 21:32:32,45,20,11,23,34,42,18,red,blue,green,red,red,blue,red,雞,狗,羊,羊,猴,鼠,鼠
2025107,2025-04-17 21:32:32,08,09,15,24,18,42,46,red,blue,blue,red,red,blue,red,狗,雞,兔,馬,鼠,鼠,猴
2025108,2025-04-18 21:32:32,40,20,39,49,08,01,27,red,blue,green,green,red,red,green,虎,狗,兔,蛇,狗,蛇,兔
2025109,2025-04-19 21:32:32,47,16,08,41,06,19,03,blue,green,red,blue,green,red,blue,羊,虎,狗,牛,鼠,豬,兔
2025110,2025-04-20 21:32:32,15,20,14,46,31,30,47,blue,blue,blue,red,blue,red,blue,兔,狗,龍,猴,豬,鼠,羊
2025111,2025-04-21 21:32:32,02,17,13,41,28,36,45,red,green,red,blue,green,blue,red,龍,牛,蛇,牛,虎,馬,雞
2025112,2025-04-22 21:32:32,15,43,38,24,18,04,45,blue,green,green,red,red,blue,red,兔,豬,龍,馬,鼠,虎,雞
2025113,2025-04-23 21:32:32,02,26,43,38,03,09,46,red,blue,green,green,blue,blue,red,龍,龍,豬,龍,兔,雞,猴
2025114,2025-04-24 21:32:32,06,41,05,46,15,09,38,green,blue,green,red,blue,blue,green,鼠,牛,牛,猴,兔,雞,龍
2025115,2025-04-25 21:32:32,14,07,09,22,10,04,03,blue,red,blue,green,blue,blue,blue,龍,豬,雞,猴,猴,虎,兔
2025116,2025-04-26 21:32:32,19,43,35,40,10,48,23,red,green,red,red,blue,blue,red,豬,豬,羊,虎,猴,馬,羊
2025117,2025-04-27 21:32:32,33,46,40,06,22,45,47,green,red,red,green,green,red,blue,雞,猴,虎,鼠,猴,雞,羊
2025118,2025-04-28 21:32:32,19,15,06,39,46,35,36,red,blue,green,green,red,red,blue,豬,兔,鼠,兔,猴,羊,馬
2025119,2025-04-29 21:32:32,21,37,10,45,19,30,38,green,blue,blue,red,red,red,green,雞,蛇,猴,雞,豬,鼠,龍
2025120,2025-04-30 21:32:32,18,25,05,35,31,43,28,red,blue,green,red,blue,green,green,鼠,蛇,牛,羊,豬,豬,虎
2025121,2025-05-01 21:32:32,25,07,31,34,23,39,24,blue,red,blue,red,red,green,red,蛇,豬,豬,猴,羊,兔,馬
2025122,2025-05-02 21:32:32,07,46,03,02,47,22,33,red,red,blue,red,blue,green,green,豬,猴,兔,龍,羊,猴,雞
2025123,2025-05-03 21:32:32,37,30,49,16,09,12,45,blue,red,green,green,blue,red,red,蛇,鼠,蛇,虎,雞,馬,雞
2025124,2025-05-04 21:32:32,18,41,09,14,07,39,10,red,blue,blue,blue,red,green,blue,鼠,牛,雞,龍,豬,兔,猴
2025125,2025-05-05 21:32:32,18,25,19,28,01,08,49,red,blue,red,green,red,red,green,鼠,蛇,豬,虎,蛇,狗,蛇
2025126,2025-05-06 21:32:32,05,13,10,28,03,31,02,green,red,blue,green,blue,blue,red,牛,蛇,猴,虎,兔,豬,龍
2025127,2025-05-07 21:32:32,45,35,08,20,04,22,49,red,red,red,blue,blue,green,green,雞,羊,狗,狗,虎,猴,蛇
2025128,2025-05-08 21:32:32,04,43,18,45,38,26,13,blue,green,red,red,green,blue,red,虎,豬,鼠,雞,龍,龍,蛇
2025129,2025-05-09 21:32:32,34,45,20,42,19,25,40,red,red,blue,blue,red,blue,red,猴,雞,狗,鼠,豬,蛇,虎
2025130,2025-05-10 21:32:32,20,30,10,33,28,08,23,blue,red,blue,green,green,red,red,狗,鼠,猴,雞,虎,狗,羊
2025131,2025-05-11 21:32:32,13,44,04,20,36,30,47,red,green,blue,blue,blue,red,blue,蛇,狗,虎,狗,馬,鼠,羊
2025132,2025-05-12 21:32:32,24,46,26,42,15,35,02,red,red,blue,blue,blue,red,red,馬,猴,龍,鼠,兔,羊,龍
2025133,2025-05-13 21:32:32,45,03,16,01,21,38,10,red,blue,green,red,green,green,blue,雞,兔,虎,蛇,雞,龍,猴
2025134,2025-05-14 21:32:32,38,27,04,23,06,34,14,green,green,blue,red,green,red,blue,龍,兔,虎,羊,鼠,猴,龍
2025135,2025-05-15 21:32:32,32,44,25,03,34,33,37,green,green,blue,blue,red,green,blue,狗,狗,蛇,兔,猴,雞,蛇
2025136,2025-05-16 21:32:32,31,23,25,33,02,21,09,blue,red,blue,green,red,green,blue,豬,羊,蛇,雞,龍,雞,雞
2025137,2025-05-17 21:32:32,39,35,46,25,48,45,36,green,red,red,blue,blue,red,blue,兔,羊,猴,蛇,馬,雞,馬
2025138,2025-05-18 21:32:32,20,27,39,47,29,03,41,blue,green,green,blue,red,blue,blue,狗,兔,兔,羊,牛,兔,牛
2025139,2025-05-19 21:32:32,38,27,47,30,45,09,14,green,green,blue,red,red,blue,blue,龍,兔,羊,鼠,雞,雞,龍
2025140,2025-05-20 21:32:32,22,45,02,41,39,31,11,green,red,red,blue,green,blue,green,猴,雞,龍,牛,兔,豬,羊
2025141,2025-05-21 21:32:32,30,22,31,34,39,03,13,red,green,blue,red,green,blue,red,鼠,猴,豬,猴,兔,兔,蛇
2025142,2025-05-22 21:32:32,17,30,08,29,23,33,44,green,red,red,red,red,green,green,牛,鼠,狗,牛,羊,雞,狗
2025143,2025-05-23 21:32:32,27,19,17,02,24,15,10,green,red,green,red,red,blue,blue,兔,豬,牛,龍,馬,兔,猴
2025144,2025-05-24 21:32:32,36,31,19,01,34,29,25,blue,blue,red,red,red,red,blue,馬,豬,豬,蛇,猴,牛,蛇
2025145,2025-05-25 21:32:32,30,25,29,28,10,49,17,red,blue,red,green,blue,green,green,鼠,蛇,牛,虎,猴,蛇,牛
2025146,2025-05-26 21:32:32,24,41,25,03,11,47,14,red,blue,blue,blue,green,blue,blue,馬,牛,蛇,兔,羊,羊,龍
2025147,2025-05-27 21:32:32,47,14,38,26,19,35,32,blue,blue,green,blue,red,red,green,羊,龍,龍,龍,豬,羊,狗
2025148,2025-05-28 21:32:32,48,26,05,31,44,09,02,blue,blue,green,blue,green,blue,red,馬,龍,牛,豬,狗,雞,龍
2025149,2025-05-29 21:32:32,44,43,25,03,29,19,41,green,green,blue,blue,red,red,blue,狗,豬,蛇,兔,牛,豬,牛
2025150,2025-05-30 21:32:32,24,43,18,31,45,12,40,red,green,red,blue,red,red,red,馬,豬,鼠,豬,雞,馬,虎
2025151,2025-05-31 21:32:32,29,49,26,25,35,39,38,red,green,blue,blue,red,green,green,牛,蛇,龍,蛇,羊,兔,龍
2025152,2025-06-01 21:32:32,09,34,17,29,35,12,10,blue,red,green,red,red,red,blue,雞,猴,牛,牛,羊,馬,猴
2025153,2025-06-02 21:32:32,42,11,25,08,45,09,43,blue,green,blue,red,red,blue,green,鼠,羊,蛇,狗,雞,雞,豬
2025154,2025-06-03 21:32:32,37,18,45,25,47,42,26,blue,red,red,blue,blue,blue,blue,蛇,鼠,雞,蛇,羊,鼠,龍
2025155,2025-06-04 21:32:32,06,34,33,12,37,20,45,green,red,green,red,blue,blue,red,鼠,猴,雞,馬,蛇,狗,雞
2025156,2025-06-05 21:32:32,15,13,38,17,28,32,18,blue,red,green,green,green,green,red,兔,蛇,龍,牛,虎,狗,鼠
2025157,2025-06-06 21:32:32,37,05,16,12,17,03,23,blue,green,green,red,green,blue,red,蛇,牛,虎,馬,牛,兔,羊
2025158,2025-06-07 21:32:32,15,48,04,17,42,21,05,blue,blue,blue,green,blue,green,green,兔,馬,虎,牛,鼠,雞,牛
2025159,2025-06-08 21:32:32,45,34,35,22,24,08,31,red,red,red,green,red,red,blue,雞,猴,羊,猴,馬,狗,豬
2025160,2025-06-09 21:32:32,23,42,32,46,30,40,11,red,blue,green,red,red,red,green,羊,鼠,狗,猴,鼠,虎,羊
2025161,2025-06-10 21:32:32,49,41,44,29,38,18,16,green,blue,green,red,green,red,green,蛇,牛,狗,牛,龍,鼠,虎
2025162,2025-06-11 21:32:32,38,02,22,48,15,12,01,green,red,green,blue,blue,red,red,龍,龍,猴,馬,兔,馬,蛇
2025163,2025-06-12 21:32:32,38,18,43,29,10,32,23,green,red,green,red,blue,green,red,龍,鼠,豬,牛,猴,狗,羊
2025164,2025-06-13 21:32:32,46,38,14,39,26,08,13,red,green,blue,green,blue,red,red,猴,龍,龍,兔,龍,狗,蛇
2025165,2025-06-14 21:32:32,23,37,17,08,42,49,47,red,blue,green,red,blue,green,blue,羊,蛇,牛,狗,鼠,蛇,羊
2025166,2025-06-15 21:32:32,30,38,18,14,42,16,41,red,green,red,blue,blue,green,blue,鼠,龍,鼠,龍,鼠,虎,牛
2025167,2025-06-16 21:32:32,11,27,30,06,36,03,09,green,green,red,green,blue,blue,blue,羊,兔,鼠,鼠,馬,兔,雞
2025168,2025-06-17 21:32:32,31,07,40,15,09,25,16,blue,red,red,blue,blue,blue,green,豬,豬,虎,兔,雞,蛇,虎
2025169,2025-06-18 21:32:32,11,02,32,38,29,31,07,green,red,green,green,red,blue,red,羊,龍,狗,龍,牛,豬,豬
2025170,2025-06-19 21:32:32,22,20,36,44,31,19,33,green,blue,blue,green,blue,red,green,猴,狗,馬,狗,豬,豬,雞
2025171,2025-06-20 21:32:32,15,04,23,36,27,07,47,blue,blue,red,blue,green,red,blue,兔,虎,羊,馬,兔,豬,羊
2025172,2025-06-21 21:32:32,03,15,04,39,02,28,36,blue,blue,blue,green,red,green,blue,兔,兔,虎,兔,龍,虎,馬
2025173,2025-06-22 21:32:32,46,32,30,05,42,04,38,red,green,red,green,blue,blue,green,猴,狗,鼠,牛,鼠,虎,龍
2025174,2025-06-23 21:32:32,11,36,22,24,20,12,39,green,blue,green,red,blue,red,green,羊,馬,猴,馬,狗,馬,兔
2025175,2025-06-24 21:32:32,37,03,32,12,08,29,30,blue,blue,green,red,red,red,red,蛇,兔,狗,馬,狗,牛,鼠
2025176,2025-06-25 21:32:32,12,05,24,28,22,17,36,red,green,red,green,green,green,blue,馬,牛,馬,虎,猴,牛,馬
2025177,2025-06-26 21:32:32,31,30,11,49,22,41,04,blue,red,green,green,green,blue,blue,豬,鼠,羊,蛇,猴,牛,虎
2025178,2025-06-27 21:32:32,42,30,37,20,06,07,27,blue,red,blue,blue,green,red,green,鼠,鼠,蛇,狗,鼠,豬,兔
2025179,2025-06-28 21:32:32,42,08,05,30,29,25,24,blue,red,green,red,red,blue,red,鼠,狗,牛,鼠,牛,蛇,馬
2025180,2025-06-29 21:32:32,14,37,28,43,01,41,29,blue,blue,green,green,red,blue,red,龍,蛇,虎,豬,蛇,牛,牛
2025181,2025-06-30 21:32:32,10,21,40,37,02,39,23,blue,green,red,blue,red,green,red,猴,雞,虎,蛇,龍,兔,羊
2025182,2025-07-01 21:32:32,01,49,21,39,06,34,42,red,green,green,green,green,red,blue,蛇,蛇,雞,兔,鼠,猴,鼠
2025183,2025-07-02 21:32:32,12,39,38,07,28,45,33,red,green,green,red,green,red,green,馬,兔,龍,豬,虎,雞,雞
2025184,2025-07-03 21:32:32,08,32,20,30,18,35,28,red,green,blue,red,red,red,green,狗,狗,狗,鼠,鼠,羊,虎
2025185,2025-07-04 21:32:32,22,40,29,45,11,01,05,green,red,red,red,green,red,green,猴,虎,牛,雞,羊,蛇,牛
2025186,2025-07-05 21:32:32,13,40,22,20,17,09,08,red,red,green,blue,green,blue,red,蛇,虎,猴,狗,牛,雞,狗
2025187,2025-07-06 21:32:32,07,31,18,14,26,04,45,red,blue,red,blue,blue,blue,red,豬,豬,鼠,龍,龍,虎,雞
2025188,2025-07-07 21:32:32,03,07,13,49,32,35,15,blue,red,red,green,green,red,blue,兔,豬,蛇,蛇,狗,羊,兔
2025189,2025-07-08 21:32:32,11,36,03,39,48,41,17,green,blue,blue,green,blue,blue,green,羊,馬,兔,兔,馬,牛,牛
2025190,2025-07-09 21:32:32,08,24,03,36,49,25,18,red,red,blue,blue,green,blue,red,狗,馬,兔,馬,蛇,蛇,鼠
2025191,2025-07-10 21:32:32,33,41,40,24,37,18,29,green,blue,red,red,blue,red,red,雞,牛,虎,馬,蛇,鼠,牛
2025192,2025-07-11 21:32:32,19,31,10,46,20,03,45,red,blue,blue,red,blue,blue,red,豬,豬,猴,猴,狗,兔,雞
2025193,2025-07-12 21:32:32,17,16,04,14,06,42,24,green,green,blue,blue,green,blue,red,牛,虎,虎,龍,鼠,鼠,馬
2025194,2025-07-13 21:32:32,11,30,46,43,03,07,29,green,red,red,green,blue,red,red,羊,鼠,猴,豬,兔,豬,牛
2025195,2025-07-14 21:32:32,22,12,42,08,06,27,25,green,red,blue,red,green,green,blue,猴,馬,鼠,狗,鼠,兔,蛇
2025196,2025-07-15 21:32:32,31,33,27,21,09,12,14,blue,green,green,green,blue,red,blue,豬,雞,兔,雞,雞,馬,龍
2025197,2025-07-16 21:32:32,15,25,10,43,12,24,34,blue,blue,blue,green,red,red,red,兔,蛇,猴,豬,馬,馬,猴
2025198,2025-07-17 21:32:32,33,03,07,45,39,15,43,green,blue,red,red,green,blue,green,雞,兔,豬,雞,兔,兔,豬
2025199,2025-07-18 21:32:32,37,32,05,21,13,11,10,blue,green,green,green,red,green,blue,蛇,狗,牛,雞,蛇,羊,猴
2025200,2025-07-19 21:32:32,22,21,42,41,11,15,47,green,green,blue,blue,green,blue,blue,猴,雞,鼠,牛,羊,兔,羊
2025201,2025-07-20 21:32:32,05,30,01,37,25,46,47,green,red,red,blue,blue,red,blue,牛,鼠,蛇,蛇,蛇,猴,羊
2025202,2025-07-21 21:32:32,17,33,09,48,44,05,20,green,green,blue,blue,green,green,blue,牛,雞,雞,馬,狗,牛,狗
2025203,2025-07-22 21:32:32,27,23,39,10,12,44,18,green,red,green,blue,red,green,red,兔,羊,兔,猴,馬,狗,鼠
2025204,2025-07-23 21:32:32,07,47,15,41,18,36,30,red,blue,blue,blue,red,blue,red,豬,羊,兔,牛,鼠,馬,鼠
2025205,2025-07-24 21:32:32,23,04,12,06,37,30,01,red,blue,red,green,blue,red,red,羊,虎,馬,鼠,蛇,鼠,蛇
2025206,2025-07-25 21:32:32,35,11,27,19,28,20,10,red,green,green,red,green,blue,blue,羊,羊,兔,豬,虎,狗,猴
2025207,2025-07-26 21:32:32,09,27,06,01,49,45,24,blue,green,green,red,green,red,red,雞,兔,鼠,蛇,蛇,雞,馬
2025208,2025-07-27 21:32:32,31,17,48,24,32,29,09,blue,green,blue,red,green,red,blue,豬,牛,馬,馬,狗,牛,雞
2025209,2025-07-28 21:32:32,31,08,32,26,48,02,13,blue,red,green,blue,blue,red,red,豬,狗,狗,龍,馬,龍,蛇
2025210,2025-07-29 21:32:32,35,40,47,11,24,14,15,red,red,blue,green,red,blue,blue,羊,虎,羊,羊,馬,龍,兔
2025211,2025-07-30 21:32:32,39,01,14,27,24,12,02,green,red,blue,green,red,red,red,兔,蛇,龍,兔,馬,馬,龍
2025212,2025-07-31 21:32:32,05,12,25,35,36,20,18,green,red,blue,red,blue,blue,red,牛,馬,蛇,羊,馬,狗,鼠
2025213,2025-08-01 21:32:32,03,31,34,38,47,24,11,blue,blue,red,green,blue,red,green,兔,豬,猴,龍,羊,馬,羊
2025214,2025-08-02 21:32:32,22,48,38,28,01,19,15,green,blue,green,green,red,red,blue,猴,馬,龍,虎,蛇,豬,兔
2025215,2025-08-03 21:32:32,33,11,19,15,36,13,21,green,green,red,blue,blue,red,green,雞,羊,豬,兔,馬,蛇,雞
2025216,2025-08-04 21:32:32,48,07,20,12,17,46,23,blue,red,blue,red,green,red,red,馬,豬,狗,馬,牛,猴,羊
2025217,2025-08-05 21:32:32,18,03,39,37,08,11,46,red,blue,green,blue,red,green,red,鼠,兔,兔,蛇,狗,羊,猴
2025218,2025-08-06 21:32:32,22,32,36,34,26,38,23,green,green,blue,red,blue,green,red,猴,狗,馬,猴,龍,龍,羊
2025219,2025-08-07 21:32:32,04,25,23,46,16,41,09,blue,blue,red,red,green,blue,blue,虎,蛇,羊,猴,虎,牛,雞
2025220,2025-08-08 21:32:32,35,28,14,11,10,43,08,red,green,blue,green,blue,green,red,羊,虎,龍,羊,猴,豬,狗
2025221,2025-08-09 21:32:32,46,27,15,23,25,12,08,red,green,blue,red,blue,red,red,猴,兔,兔,羊,蛇,馬,狗
2025222,2025-08-10 21:32:32,46,40,21,13,01,05,43,red,red,green,red,red,green,green,猴,虎,雞,蛇,蛇,牛,豬
2025223,2025-08-11 21:32:32,46,41,44,07,34,24,25,red,blue,green,red,red,red,blue,猴,牛,狗,豬,猴,馬,蛇
2025224,2025-08-12 21:32:32,19,09,37,07,49,13,16,red,blue,blue,red,green,red,green,豬,雞,蛇,豬,蛇,蛇,虎
2025225,2025-08-13 21:32:32,45,24,13,44,09,47,32,red,red,red,green,blue,blue,green,雞,馬,蛇,狗,雞,羊,狗
2025226,2025-08-14 21:32:32,13,27,26,02,06,43,31,red,green,blue,red,green,green,blue,蛇,兔,龍,龍,鼠,豬,豬
2025227,2025-08-15 21:32:32,07,11,27,19,28,43,40,red,green,green,red,green,green,red,豬,羊,兔,豬,虎,豬,虎
2025228,2025-08-16 21:32:32,45,20,40,46,26,16,15,red,blue,red,red,blue,green,blue,雞,狗,虎,猴,龍,虎,兔
2025229,2025-08-17 21:32:32,41,36,48,42,28,06,02,blue,blue,blue,blue,green,green,red,牛,馬,馬,鼠,虎,鼠,龍
2025230,2025-08-18 21:32:32,15,10,01,46,48,08,39,blue,blue,red,red,blue,red,green,兔,猴,蛇,猴,馬,狗,兔
2025231,2025-08-19 21:32:32,16,23,05,08,35,31,38,green,red,green,red,red,blue,green,虎,羊,牛,狗,羊,豬,龍
2025232,2025-08-20 21:32:32,49,40,19,44,18,23,42,green,red,red,green,red,red,blue,蛇,虎,豬,狗,鼠,羊,鼠
2025233,2025-08-21 21:32:32,43,29,27,18,45,06,37,green,red,green,red,red,green,blue,豬,牛,兔,鼠,雞,鼠,蛇
2025234,2025-08-22 21:32:32,14,18,43,23,11,16,13,blue,red,green,red,green,green,red,龍,鼠,豬,羊,羊,虎,蛇
2025235,2025-08-23 21:32:32,45,43,12,36,49,02,42,red,green,red,blue,green,red,blue,雞,豬,馬,馬,蛇,龍,鼠
2025236,2025-08-24 21:32:32,46,18,45,42,49,09,39,red,red,red,blue,green,blue,green,猴,鼠,雞,鼠,蛇,雞,兔
2025237,2025-08-25 21:32:32,49,25,10,03,37,17,02,green,blue,blue,blue,blue,green,red,蛇,蛇,猴,兔,蛇,牛,龍
2025238,2025-08-26 21:32:32,10,43,34,15,09,48,46,blue,green,red,blue,blue,blue,red,猴,豬,猴,兔,雞,馬,猴
2025239,2025-08-27 21:32:32,12,13,01,05,29,48,04,red,red,red,green,red,blue,blue,馬,蛇,蛇,牛,牛,馬,虎
2025240,2025-08-28 21:32:32,04,42,25,24,22,09,28,blue,blue,blue,red,green,blue,green,虎,鼠,蛇,馬,猴,雞,虎
2025241,2025-08-29 21:32:32,22,38,11,29,43,09,01,green,green,green,red,green,blue,red,猴,龍,羊,牛,豬,雞,蛇
2025242,2025-08-30 21:32:32,46,33,26,09,05,07,34,red,green,blue,blue,green,red,red,猴,雞,龍,雞,牛,豬,猴
2025243,2025-08-31 21:32:32,15,47,23,16,27,42,08,blue,blue,red,green,green,blue,red,兔,羊,羊,虎,兔,鼠,狗
2025244,2025-09-01 21:32:32,04,16,25,07,22,12,24,blue,green,blue,red,green,red,red,虎,虎,蛇,豬,猴,馬,馬
2025245,2025-09-02 21:32:32,34,37,19,29,14,38,44,red,blue,red,red,blue,green,green,猴,蛇,豬,牛,龍,龍,狗
2025246,2025-09-03 21:32:32,14,18,16,26,01,23,06,blue,red,green,blue,red,red,green,龍,鼠,虎,龍,蛇,羊,鼠
2025247,2025-09-04 21:32:32,38,10,01,44,15,03,25,green,blue,red,green,blue,blue,blue,龍,猴,蛇,狗,兔,兔,蛇
2025248,2025-09-05 21:32:32,27,42,24,34,20,39,12,green,blue,red,red,blue,green,red,兔,鼠,馬,猴,狗,兔,馬
2025249,2025-09-06 21:32:32,37,19,48,09,04,01,02,blue,red,blue,blue,blue,red,red,蛇,豬,馬,雞,虎,蛇,龍
2025250,2025-09-07 21:32:32,47,03,34,11,33,35,12,blue,blue,red,green,green,red,red,羊,兔,猴,羊,雞,羊,馬
2025251,2025-09-08 21:32:32,06,18,12,36,05,15,35,green,red,red,blue,green,blue,red,鼠,鼠,馬,馬,牛,兔,羊
2025252,2025-09-09 21:32:32,01,43,49,10,35,40,23,red,green,green,blue,red,red,red,蛇,豬,蛇,猴,羊,虎,羊
2025253,2025-09-10 21:32:32,06,39,19,08,30,37,33,green,green,red,red,red,blue,green,鼠,兔,豬,狗,鼠,蛇,雞
2025254,2025-09-11 21:32:32,27,12,29,32,44,19,17,green,red,red,green,green,red,green,兔,馬,牛,狗,狗,豬,牛
2025255,2025-09-12 21:32:32,15,21,20,25,24,39,42,blue,green,blue,blue,red,green,blue,兔,雞,狗,蛇,馬,兔,鼠
2025256,2025-09-13 21:32:32,42,36,11,09,45,05,48,blue,blue,green,blue,red,green,blue,鼠,馬,羊,雞,雞,牛,馬
2025257,2025-09-14 21:32:32,23,21,04,01,30,11,28,red,green,blue,red,red,green,green,羊,雞,虎,蛇,鼠,羊,虎
2025258,2025-09-15 21:32:32,01,26,35,25,47,17,38,red,blue,red,blue,blue,green,green,蛇,龍,羊,蛇,羊,牛,龍
2025259,2025-09-16 21:32:32,08,38,30,45,09,42,47,red,green,red,red,blue,blue,blue,狗,龍,鼠,雞,雞,鼠,羊
2025260,2025-09-17 21:32:32,44,11,40,24,12,28,03,green,green,red,red,red,green,blue,狗,羊,虎,馬,馬,虎,兔
2025261,2025-09-18 21:32:32,37,34,09,46,16,30,33,blue,red,blue,red,green,red,green,蛇,猴,雞,猴,虎,鼠,雞
2025262,2025-09-19 21:32:32,16,27,28,33,12,38,44,green,green,green,green,red,green,green,虎,兔,虎,雞,馬,龍,狗
2025263,2025-09-20 21:32:32,39,48,03,20,25,43,38,green,blue,blue,blue,blue,green,green,兔,馬,兔,狗,蛇,豬,龍
2025264,2025-09-21 21:32:32,23,33,06,32,19,47,43,red,green,green,green,red,blue,green,羊,雞,鼠,狗,豬,羊,豬
2025265,2025-09-22 21:32:32,44,34,48,06,23,01,10,green,red,blue,green,red,red,blue,狗,猴,馬,鼠,羊,蛇,猴
2025266,2025-09-23 21:32:32,01,18,13,43,26,40,41,red,red,red,green,blue,red,blue,蛇,鼠,蛇,豬,龍,虎,牛
2025267,2025-09-24 21:32:32,07,09,05,25,48,40,29,red,blue,green,blue,blue,red,red,豬,雞,牛,蛇,馬,虎,牛
2025268,2025-09-25 21:32:32,39,27,01,45,05,31,10,green,green,red,red,green,blue,blue,兔,兔,蛇,雞,牛,豬,猴
2025269,2025-09-26 21:32:32,17,02,33,38,46,21,31,green,red,green,green,red,green,blue,牛,龍,雞,龍,猴,雞,豬
2025270,2025-09-27 21:32:32,05,11,31,46,03,10,35,green,green,blue,red,blue,blue,red,牛,羊,豬,猴,兔,猴,羊
2025271,2025-09-28 21:32:32,48,03,44,27,08,09,06,blue,blue,green,green,red,blue,green,馬,兔,狗,兔,狗,雞,鼠
2025272,2025-09-29 21:32:32,01,04,29,41,10,21,36,red,blue,red,blue,blue,green,blue,蛇,虎,牛,牛,猴,雞,馬
2025273,2025-09-30 21:32:32,02,43,19,34,22,49,04,red,green,red,red,green,green,blue,龍,豬,豬,猴,猴,蛇,虎
2025274,2025-10-01 21:32:32,41,20,19,22,39,40,44,blue,blue,red,green,green,red,green,牛,狗,豬,猴,兔,虎,狗
2025275,2025-10-02 21:32:32,34,47,25,21,28,05,45,red,blue,blue,green,green,green,red,猴,羊,蛇,雞,虎,牛,雞
2025276,2025-10-03 21:32:32,16,22,34,13,21,25,09,green,green,red,red,green,blue,blue,虎,猴,猴,蛇,雞,蛇,雞
2025277,2025-10-04 21:32:32,46,11,41,33,48,37,16,red,green,blue,green,blue,blue,green,猴,羊,牛,雞,馬,蛇,虎
2025278,2025-10-05 21:32:32,04,18,33,34,45,39,28,blue,red,green,red,red,green,green,虎,鼠,雞,猴,雞,兔,虎
2025279,2025-10-06 21:32:32,37,01,26,42,39,30,27,blue,red,blue,blue,green,red,green,蛇,蛇,龍,鼠,兔,鼠,兔
2025280,2025-10-07 21:32:32,36,49,44,32,35,28,42,blue,green,green,green,red,green,blue,馬,蛇,狗,狗,羊,虎,鼠
2025281,2025-10-08 21:32:32,37,07,10,13,23,36,47,blue,red,blue,red,red,blue,blue,蛇,豬,猴,蛇,羊,馬,羊
2025282,2025-10-09 21:32:32,04,33,25,30,38,12,41,blue,green,blue,red,green,red,blue,虎,雞,蛇,鼠,龍,馬,牛
2025283,2025-10-10 21:32:32,21,24,35,08,29,18,45,green,red,red,red,red,red,red,雞,馬,羊,狗,牛,鼠,雞
2025284,2025-10-11 21:32:32,21,06,12,13,49,38,41,green,green,red,red,green,green,blue,雞,鼠,馬,蛇,蛇,龍,牛
2025285,2025-10-12 21:32:32,46,25,37,15,41,28,24,red,blue,blue,blue,blue,green,red,猴,蛇,蛇,兔,牛,虎,馬
2025286,2025-10-13 21:32:32,25,27,24,16,15,42,03,blue,green,red,green,blue,blue,blue,蛇,兔,馬,虎,兔,鼠,兔
2025287,2025-10-14 21:32:32,05,42,49,10,40,36,34,green,blue,green,blue,red,blue,red,牛,鼠,蛇,猴,虎,馬,猴
2025288,2025-10-15 21:32:32,44,08,17,01,02,47,14,green,red,green,red,red,blue,blue,狗,狗,牛,蛇,龍,羊,龍
2025289,2025-10-16 21:32:32,35,04,23,10,44,24,42,red,blue,red,blue,green,red,blue,羊,虎,羊,猴,狗,馬,鼠
2025290,2025-10-17 21:32:32,40,18,25,05,02,17,19,red,red,blue,green,red,green,red,虎,鼠,蛇,牛,龍,牛,豬
2025291,2025-10-18 21:32:32,43,24,06,10,30,25,44,green,red,green,blue,red,blue,green,豬,馬,鼠,猴,鼠,蛇,狗
2025292,2025-10-19 21:32:32,31,04,28,40,37,10,02,blue,blue,green,red,blue,blue,red,豬,虎,虎,虎,蛇,猴,龍
2025293,2025-10-20 21:32:32,18,11,20,46,01,14,47,red,green,blue,red,red,blue,blue,鼠,羊,狗,猴,蛇,龍,羊
2025294,2025-10-21 21:32:32,11,08,35,14,10,38,18,green,red,red,blue,blue,green,red,羊,狗,羊,龍,猴,龍,鼠
2025295,2025-10-22 21:32:32,18,04,45,33,42,38,05,red,blue,red,green,blue,green,green,鼠,虎,雞,雞,鼠,龍,牛
2025296,2025-10-23 21:32:32,31,29,23,05,49,17,22,blue,red,red,green,green,green,green,豬,牛,羊,牛,蛇,牛,猴
2025297,2025-10-24 21:32:32,43,24,11,41,01,19,44,green,red,green,blue,red,red,green,豬,馬,羊,牛,蛇,豬,狗
2025298,2025-10-25 21:32:32,22,20,49,37,39,35,23,green,blue,green,blue,green,red,red,猴,狗,蛇,蛇,兔,羊,羊
2025299,2025-10-26 21:32:32,33,39,35,13,31,19,49,green,green,red,red,blue,red,green,雞,兔,羊,蛇,豬,豬,蛇
2025300,2025-10-27 21:32:32,17,32,39,26,29,24,40,green,green,green,blue,red,red,red,牛,狗,兔,龍,牛,馬,虎
2025301,2025-10-28 21:32:32,47,10,09,38,41,45,05,blue,blue,blue,green,blue,red,green,羊,猴,雞,龍,牛,雞,牛
2025302,2025-10-29 21:32:32,07,27,06,45,29,42,22,red,green,green,red,red,blue,green,豬,兔,鼠,雞,牛,鼠,猴
2025303,2025-10-30 21:32:32,02,18,31,27,47,36,15,red,red,blue,green,blue,blue,blue,龍,鼠,豬,兔,羊,馬,兔
2025304,2025-10-31 21:32:32,12,47,43,34,39,19,48,red,blue,green,red,green,red,blue,馬,羊,豬,猴,兔,豬,馬
2025305,2025-11-01 21:32:32,33,24,29,45,11,27,42,green,red,red,red,green,green,blue,雞,馬,牛,雞,羊,兔,鼠
2025306,2025-11-02 21:32:32,10,22,07,09,38,04,17,blue,green,red,blue,green,blue,green,猴,猴,豬,雞,龍,虎,牛
2025307,2025-11-03 21:32:32,21,44,04,24,29,01,20,green,green,blue,red,red,red,blue,雞,狗,虎,馬,牛,蛇,狗
2025308,2025-11-04 21:32:32,45,48,46,14,40,01,39,red,blue,red,blue,red,red,green,雞,馬,猴,龍,虎,蛇,兔
2025309,2025-11-05 21:32:32,49,07,16,13,32,04,06,green,red,green,red,green,blue,green,蛇,豬,虎,蛇,狗,虎,鼠
2025310,2025-11-06 21:32:32,49,04,09,17,10,43,16,green,blue,blue,green,blue,green,green,蛇,虎,雞,牛,猴,豬,虎
2025311,2025-11-07 21:32:32,06,39,32,04,07,02,37,green,green,green,blue,red,red,blue,鼠,兔,狗,虎,豬,龍,蛇
2025312,2025-11-08 21:32:32,46,18,47,35,03,01,14,red,red,blue,red,blue,red,blue,猴,鼠,羊,羊,兔,蛇,龍
2025313,2025-11-09 21:32:32,03,29,10,39,49,22,38,blue,red,blue,green,green,green,green,兔,牛,猴,兔,蛇,猴,龍
2025314,2025-11-10 21:32:32,29,44,37,19,26,38,23,red,green,blue,red,blue,green,red,牛,狗,蛇,豬,龍,龍,羊
2025315,2025-11-11 21:32:32,19,43,20,15,08,37,04,red,green,blue,blue,red,blue,blue,豬,豬,狗,兔,狗,蛇,虎
2025316,2025-11-12 21:32:32,20,29,40,42,17,25,24,blue,red,red,blue,green,blue,red,狗,牛,虎,鼠,牛,蛇,馬
2025317,2025-11-13 21:32:32,05,10,03,06,01,32,18,green,blue,blue,green,red,green,red,牛,猴,兔,鼠,蛇,狗,鼠
2025318,2025-11-14 21:32:32,26,22,20,30,46,07,06,blue,green,blue,red,red,red,green,龍,猴,狗,鼠,猴,豬,鼠
2025319,2025-11-15 21:32:32,29,22,16,31,21,17,45,red,green,green,blue,green,green,red,牛,猴,虎,豬,雞,牛,雞
2025320,2025-11-16 21:32:32,33,40,20,48,34,07,28,green,red,blue,blue,red,red,green,雞,虎,狗,馬,猴,豬,虎
2025321,2025-11-17 21:32:32,28,08,34,25,24,10,23,green,red,red,blue,red,blue,red,虎,狗,猴,蛇,馬,猴,羊
2025322,2025-11-18 21:32:32,46,06,34,17,33,29,47,red,green,red,green,green,red,blue,猴,鼠,猴,牛,雞,牛,羊
2025323,2025-11-19 21:32:32,48,28,29,36,46,19,09,blue,green,red,blue,red,red,blue,馬,虎,牛,馬,猴,豬,雞
2025324,2025-11-20 21:32:32,49,30,31,38,10,28,15,green,red,blue,green,blue,green,blue,蛇,鼠,豬,龍,猴,虎,兔
2025325,2025-11-21 21:32:32,12,02,33,05,17,49,04,red,red,green,green,green,green,blue,馬,龍,雞,牛,牛,蛇,虎
2025326,2025-11-22 21:32:32,23,04,46,11,33,31,19,red,blue,red,green,green,blue,red,羊,虎,猴,羊,雞,豬,豬
2025327,2025-11-23 21:32:32,13,44,09,21,31,22,37,red,green,blue,green,blue,green,blue,蛇,狗,雞,雞,豬,猴,蛇
2025328,2025-11-24 21:32:32,28,34,13,08,22,15,03,green,red,red,red,green,blue,blue,虎,猴,蛇,狗,猴,兔,兔
2025329,2025-11-25 21:32:32,46,13,44,37,45,19,17,red,red,green,blue,red,red,green,猴,蛇,狗,蛇,雞,豬,牛
2025330,2025-11-26 21:32:32,20,37,32,01,11,06,36,blue,blue,green,red,green,green,blue,狗,蛇,狗,蛇,羊,鼠,馬
2025331,2025-11-27 21:32:32,42,24,02,22,47,21,26,blue,red,red,green,blue,green,blue,鼠,馬,龍,猴,羊,雞,龍
2025332,2025-11-28 21:32:32,44,23,45,30,19,08,26,green,red,red,red,red,red,blue,狗,羊,雞,鼠,豬,狗,龍
2025333,2025-11-29 21:32:32,43,31,36,11,37,27,06,green,blue,blue,green,blue,green,green,豬,豬,馬,羊,蛇,兔,鼠
2025334,2025-11-30 21:32:32,35,29,41,33,01,49,46,red,red,blue,green,red,green,red,羊,牛,牛,雞,蛇,蛇,猴
2025335,2025-12-01 21:32:32,34,35,46,31,13,03,44,red,red,red,blue,red,blue,green,猴,羊,猴,豬,蛇,兔,狗
2025336,2025-12-02 21:32:32,20,06,15,10,13,42,17,blue,green,blue,blue,red,blue,green,狗,鼠,兔,猴,蛇,鼠,牛
2025337,2025-12-03 21:32:32,13,44,42,24,32,14,09,red,green,blue,red,green,blue,blue,蛇,狗,鼠,馬,狗,龍,雞
2025338,2025-12-04 21:32:32,41,48,34,15,25,10,08,blue,blue,red,blue,blue,blue,red,牛,馬,猴,兔,蛇,猴,狗
2025339,2025-12-05 21:32:32,24,22,40,36,39,31,48,red,green,red,blue,green,blue,blue,馬,猴,虎,馬,兔,豬,馬
2025340,2025-12-06 21:32:32,45,17,15,28,22,10,16,red,green,blue,green,green,blue,green,雞,牛,兔,虎,猴,猴,虎
2025341,2025-12-07 21:32:32,05,34,42,07,35,12,06,green,red,blue,red,red,red,green,牛,猴,鼠,豬,羊,馬,鼠
2025342,2025-12-08 21:32:32,41,19,17,15,24,08,04,blue,red,green,blue,red,red,blue,牛,豬,牛,兔,馬,狗,虎
2025343,2025-12-09 21:32:32,11,45,41,28,46,35,38,green,red,blue,green,red,red,green,羊,雞,牛,虎,猴,羊,龍
2025344,2025-12-10 21:32:32,11,21,42,10,47,40,27,green,green,blue,blue,blue,red,green,羊,雞,鼠,猴,羊,虎,兔
2025345,2025-12-11 21:32:32,41,23,09,11,32,03,24,blue,red,blue,green,green,blue,red,牛,羊,雞,羊,狗,兔,馬
2025346,2025-12-12 21:32:32,11,26,40,46,34,20,03,green,blue,red,red,red,blue,blue,羊,龍,虎,猴,猴,狗,兔
2025347,2025-12-13 21:32:32,30,08,26,37,28,24,13,red,red,blue,blue,green,red,red,鼠,狗,龍,蛇,虎,馬,蛇
2025348,2025-12-14 21:32:32,31,26,44,21,22,34,16,blue,blue,green,green,green,red,green,豬,龍,狗,雞,猴,猴,虎
2025349,2025-12-15 21:32:32,33,11,39,04,40,46,22,green,green,green,blue,red,red,green,雞,羊,兔,虎,虎,猴,猴
2025350,2025-12-16 21:32:32,07,22,42,35,16,47,49,red,green,blue,red,green,blue,green,豬,猴,鼠,羊,虎,羊,蛇
2025351,2025-12-17 21:32:32,16,15,03,12,10,11,04,green,blue,blue,red,blue,green,blue,虎,兔,兔,馬,猴,羊,虎
2025352,2025-12-18 21:32:32,25,09,29,26,10,02,44,blue,blue,red,blue,blue,red,green,蛇,雞,牛,龍,猴,龍,狗
2025353,2025-12-19 21:32:32,38,06,16,46,26,48,01,green,green,green,red,blue,blue,red,龍,鼠,虎,猴,龍,馬,蛇
2025354,2025-12-20 21:32:32,21,15,04,05,28,48,30,green,blue,blue,green,green,blue,red,雞,兔,虎,牛,虎,馬,鼠
2025355,2025-12-21 21:32:32,43,09,06,28,15,30,08,green,blue,green,green,blue,red,red,豬,雞,鼠,虎,兔,鼠,狗
2025356,2025-12-22 21:32:32,40,11,08,36,13,03,24,red,green,red,blue,red,blue,red,虎,羊,狗,馬,蛇,兔,馬
2025357,2025-12-23 21:32:32,41,35,02,13,43,24,49,blue,red,red,red,green,red,green,牛,羊,龍,蛇,豬,馬,蛇
2025358,2025-12-24 21:32:32,26,22,43,42,18,35,07,blue,green,green,blue,red,red,red,龍,猴,豬,鼠,鼠,羊,豬
2025359,2025-12-25 21:32:32,37,38,06,23,45,42,11,blue,green,green,red,red,blue,green,蛇,龍,鼠,羊,雞,鼠,羊
2025360,2025-12-26 21:32:32,27,06,44,15,39,12,41,green,green,green,blue,green,red,blue,兔,鼠,狗,兔,兔,馬,牛
2025361,2025-12-27 21:32:32,30,11,02,38,33,20,24,red,green,red,green,green,blue,red,鼠,羊,龍,龍,雞,狗,馬
2025362,2025-12-28 21:32:32,45,11,37,06,30,08,23,red,green,blue,green,red,red,red,雞,羊,蛇,鼠,鼠,狗,羊
2025363,2025-12-29 21:32:32,23,21,13,04,09,15,26,red,green,red,blue,blue,blue,blue,羊,雞,蛇,虎,雞,兔,龍
2025364,2025-12-30 21:32:32,31,22,02,11,43,28,12,blue,green,red,green,green,green,red,豬,猴,龍,羊,豬,虎,馬
2025365,2025-12-31 21:32:32,49,20,29,33,10,16,26,green,blue,red,green,blue,green,blue,蛇,狗,牛,雞,猴,虎,龍
2026001,2026-01-01 21:32:32,27,08,43,33,42,11,29,green,red,green,green,blue,green,red,兔,狗,豬,雞,鼠,羊,牛
2026002,2026-01-02 21:32:32,48,07,04,03,15,11,22,blue,red,blue,blue,blue,green,green,馬,豬,虎,兔,兔,羊,猴
2026003,2026-01-03 21:32:32,30,44,07,15,42,17,09,red,green,red,blue,blue,green,blue,鼠,狗,豬,兔,鼠,牛,雞
2026004,2026-01-04 21:32:32,22,19,07,35,49,36,45,green,red,red,red,green,blue,red,猴,豬,豬,羊,蛇,馬,雞
2026005,2026-01-05 21:32:32,46,19,20,36,13,17,43,red,red,blue,blue,red,green,green,猴,豬,狗,馬,蛇,牛,豬
2026006,2026-01-06 21:32:32,35,41,15,06,46,21,13,red,blue,blue,green,red,green,red,羊,牛,兔,鼠,猴,雞,蛇
2026007,2026-01-07 21:32:32,28,40,45,34,44,15,41,green,red,red,red,green,blue,blue,虎,虎,雞,猴,狗,兔,牛
2026008,2026-01-08 21:32:32,05,39,36,19,29,45,21,green,green,blue,red,red,red,green,牛,兔,馬,豬,牛,雞,雞
2026009,2026-01-09 21:32:32,17,18,06,49,07,22,28,green,red,green,green,red,green,green,牛,鼠,鼠,蛇,豬,猴,虎
2026010,2026-01-10 21:32:32,23,38,24,49,11,30,27,red,green,red,green,green,red,green,羊,龍,馬,蛇,羊,鼠,兔
2026011,2026-01-11 21:32:32,32,10,07,05,48,15,11,green,blue,red,green,blue,blue,green,狗,猴,豬,牛,馬,兔,羊
2026012,2026-01-12 21:32:32,25,26,33,20,41,45,11,blue,blue,green,blue,blue,red,green,蛇,龍,雞,狗,牛,雞,羊
2026013,2026-01-13 21:32:32,09,19,44,27,37,06,01,blue,red,green,green,blue,green,red,雞,豬,狗,兔,蛇,鼠,蛇
2026014,2026-01-14 21:32:32,38,13,12,08,43,31,26,green,red,red,red,green,blue,blue,龍,蛇,馬,狗,豬,豬,龍
2026015,2026-01-15 21:32:32,10,08,30,20,15,33,31,blue,red,red,blue,blue,green,blue,猴,狗,鼠,狗,兔,雞,豬
2026016,2026-01-16 21:32:32,34,12,48,26,40,38,06,red,red,blue,blue,red,green,green,猴,馬,馬,龍,虎,龍,鼠
2026017,2026-01-17 21:32:32,44,18,31,41,33,02,32,green,red,blue,blue,green,red,green,狗,鼠,豬,牛,雞,龍,狗
2026018,2026-01-18 21:32:32,40,42,43,31,25,15,39,red,blue,green,blue,blue,blue,green,虎,鼠,豬,豬,蛇,兔,兔
2026019,2026-01-19 21:32:32,42,22,45,19,07,25,46,blue,green,red,red,red,blue,red,鼠,猴,雞,豬,豬,蛇,猴
2026020,2026-01-20 21:32:32,09,37,14,47,11,24,12,blue,blue,blue,blue,green,red,red,雞,蛇,龍,羊,羊,馬,馬
2026021,2026-01-21 21:32:32,47,45,33,07,24,10,42,blue,red,green,red,red,blue,blue,羊,雞,雞,豬,馬,猴,鼠
2026022,2026-01-22 21:32:32,39,08,20,37,46,30,18,green,red,blue,blue,red,red,red,兔,狗,狗,蛇,猴,鼠,鼠
2026023,2026-01-23 21:32:32,06,29,36,38,18,31,47,green,red,blue,green,red,blue,blue,鼠,牛,馬,龍,鼠,豬,羊
2026024,2026-01-24 21:32:32,10,45,25,15,23,44,28,blue,red,blue,blue,red,green,green,猴,雞,蛇,兔,羊,狗,虎
2026025,2026-01-25 21:32:32,46,10,41,06,09,14,37,red,blue,blue,green,blue,blue,blue,猴,猴,牛,鼠,雞,龍,蛇
2026026,2026-01-26 21:32:32,44,34,24,13,37,42,19,green,red,red,red,blue,blue,red,狗,猴,馬,蛇,蛇,鼠,豬
2026027,2026-01-27 21:32:32,11,16,46,10,18,49,45,green,green,red,blue,red,green,red,羊,虎,猴,猴,鼠,蛇,雞
2026028,2026-01-28 21:32:32,17,47,28,39,32,49,03,green,blue,green,green,green,green,blue,牛,羊,虎,兔,狗,蛇,兔
2026029,2026-01-29 21:32:32,47,08,05,04,03,18,01,blue,red,green,blue,blue,red,red,羊,狗,牛,虎,兔,鼠,蛇
2026030,2026-01-30 21:32:32,03,06,47,01,35,04,41,blue,green,blue,red,red,blue,blue,兔,鼠,羊,蛇,羊,虎,牛
2026031,2026-01-31 21:32:32,38,25,07,19,11,05,26,green,blue,red,red,green,green,blue,龍,蛇,豬,豬,羊,牛,龍
2026032,2026-02-01 21:32:32,23,17,11,20,10,39,06,red,green,green,blue,blue,green,green,羊,牛,羊,狗,猴,兔,鼠
2026033,2026-02-02 21:32:32,14,22,46,33,08,11,41,blue,green,red,green,red,green,blue,龍,猴,猴,雞,狗,羊,牛
2026034,2026-02-03 21:32:32,38,45,35,24,30,23,19,green,red,red,red,red,red,red,龍,雞,羊,馬,鼠,羊,豬
2026035,2026-02-04 21:32:32,32,47,44,36,19,41,27,green,blue,green,blue,red,blue,green,狗,羊,狗,馬,豬,牛,兔
2026036,2026-02-05 21:32:32,44,39,11,20,27,48,01,green,green,green,blue,green,blue,red,狗,兔,羊,狗,兔,馬,蛇
2026037,2026-02-06 21:32:32,34,42,39,13,44,45,43,red,blue,green,red,green,red,green,猴,鼠,兔,蛇,狗,雞,豬
2026038,2026-02-07 21:32:32,06,40,49,34,12,20,42,green,red,green,red,red,blue,blue,鼠,虎,蛇,猴,馬,狗,鼠
2026039,2026-02-08 21:32:32,31,20,08,29,10,04,11,blue,blue,red,red,blue,blue,green,豬,狗,狗,牛,猴,虎,羊
2026040,2026-02-09 21:32:32,46,06,29,27,11,49,28,red,green,red,green,green,green,green,猴,鼠,牛,兔,羊,蛇,虎
2026041,2026-02-10 21:32:32,02,08,17,44,32,27,36,red,red,green,green,green,green,blue,龍,狗,牛,狗,狗,兔,馬
2026042,2026-02-11 21:32:32,38,22,17,19,01,18,16,green,green,green,red,red,red,green,龍,猴,牛,豬,蛇,鼠,虎
2026043,2026-02-12 21:32:32,09,35,42,40,33,03,13,blue,red,blue,red,green,blue,red,雞,羊,鼠,虎,雞,兔,蛇
2026044,2026-02-13 21:32:32,46,17,39,47,48,38,19,red,green,green,blue,blue,green,red,猴,牛,兔,羊,馬,龍,豬
2026045,2026-02-14 21:32:32,20,38,22,13,42,27,01,blue,green,green,red,blue,green,red,狗,龍,猴,蛇,鼠,兔,蛇
2026046,2026-02-15 21:32:32,13,09,20,22,39,36,03,red,blue,blue,green,green,blue,blue,蛇,雞,狗,猴,兔,馬,兔
2026047,2026-02-16 21:32:32,40,35,23,42,46,47,39,red,red,red,blue,red,blue,green,虎,羊,羊,鼠,猴,羊,兔
2026048,2026-02-17 21:32:32,08,38,29,32,46,16,24,red,green,red,green,red,green,red,豬,蛇,虎,豬,雞,兔,羊
2026049,2026-02-18 21:32:32,28,42,22,49,12,31,13,green,blue,green,green,red,blue,red,兔,牛,雞,馬,羊,鼠,馬
2026050,2026-02-19 21:32:32,10,13,30,37,33,44,23,blue,red,red,blue,green,green,red,雞,馬,牛,馬,狗,豬,猴
2026051,2026-02-20 21:32:32,40,42,44,06,14,38,01,red,blue,green,green,blue,green,red,兔,牛,豬,牛,蛇,蛇,馬
2026052,2026-02-21 21:32:32,15,46,14,13,40,35,38,blue,red,blue,red,red,red,green,龍,雞,蛇,馬,兔,猴,蛇
2026053,2026-02-22 21:32:32,16,12,33,17,41,18,15,green,red,green,green,blue,red,blue,兔,羊,狗,虎,虎,牛,龍
2026054,2026-02-23 21:32:32,37,30,11,19,49,32,48,blue,red,green,red,green,green,blue,馬,牛,猴,鼠,馬,豬,羊
2026055,2026-02-24 21:32:32,31,28,20,21,39,09,14,blue,green,blue,green,green,blue,blue,鼠,兔,豬,狗,龍,狗,蛇
2026056,2026-02-25 21:32:32,45,09,06,07,10,26,48,red,blue,green,red,blue,blue,blue,狗,狗,牛,鼠,雞,蛇,羊
2026057,2026-02-26 21:32:32,21,29,40,30,26,34,23,green,red,red,red,blue,red,red,狗,虎,兔,牛,蛇,雞,猴
2026058,2026-02-27 21:32:32,20,38,13,21,33,40,31,blue,green,red,green,green,red,blue,豬,蛇,馬,狗,狗,兔,鼠
2026059,2026-02-28 21:32:32,29,19,24,43,28,12,10,red,red,red,green,green,red,blue,虎,鼠,羊,鼠,兔,羊,雞
2026060,2026-03-01 21:32:32,05,27,40,34,39,01,09,green,green,red,red,green,red,blue,虎,龍,兔,雞,龍,馬,狗
2026061,2026-03-02 21:32:32,46,17,08,25,02,37,29,red,green,red,blue,red,blue,red,雞,虎,豬,馬,蛇,馬,虎
2026062,2026-03-03 21:32:32,46,29,06,49,35,42,24,red,red,green,green,red,blue,red,雞,虎,牛,馬,猴,牛,羊
2026063,2026-03-04 21:32:32,36,26,37,02,44,31,28,blue,blue,blue,red,green,blue,green,羊,蛇,馬,蛇,豬,鼠,兔
2026064,2026-03-05 21:32:32,08,23,40,44,34,02,18,red,red,red,green,red,red,red,豬,猴,兔,豬,雞,蛇,牛
2026065,2026-03-06 21:32:32,02,45,17,38,33,24,05,red,red,green,green,green,red,green,蛇,狗,虎,蛇,狗,羊,虎
2026066,2026-03-07 21:32:32,24,20,36,44,02,28,37,red,blue,blue,green,red,green,blue,羊,豬,羊,豬,蛇,兔,馬
2026067,2026-03-08 21:32:32,15,30,06,01,26,09,05,blue,red,green,red,blue,blue,green,龍,牛,牛,馬,蛇,狗,虎
2026068,2026-03-09 21:32:32,49,02,01,26,38,21,23,green,red,red,blue,green,green,red,馬,蛇,馬,蛇,蛇,狗,猴
2026069,2026-03-10 21:32:32,23,16,10,34,08,36,24,red,green,blue,red,red,blue,red,猴,兔,雞,雞,豬,羊,羊
2026070,2026-03-11 21:32:32,47,17,23,10,41,07,25,blue,green,red,blue,blue,red,blue,猴,虎,猴,雞,虎,鼠,馬
2026071,2026-03-12 21:32:32,44,30,25,05,41,08,48,green,red,blue,green,blue,red,blue,豬,牛,馬,虎,虎,豬,羊
2026072,2026-03-13 21:32:32,12,28,01,42,25,44,46,red,green,red,blue,blue,green,red,羊,兔,馬,牛,馬,豬,雞
2026073,2026-03-14 21:32:32,07,29,01,33,36,14,34,red,red,red,green,blue,blue,red,鼠,虎,馬,狗,羊,蛇,雞
2026074,2026-03-15 21:32:32,12,31,49,25,24,32,10,red,blue,green,blue,red,green,blue,羊,鼠,馬,馬,羊,豬,雞
2026075,2026-03-16 21:32:32,19,22,26,20,41,27,33,red,green,blue,blue,blue,green,green,鼠,雞,蛇,豬,虎,龍,狗
2026076,2026-03-17 21:32:32,12,07,24,22,03,41,02,red,red,red,green,blue,blue,red,羊,鼠,羊,雞,龍,虎,蛇
2026077,2026-03-18 21:32:32,37,32,46,25,39,30,29,blue,green,red,blue,green,red,red,馬,豬,雞,馬,龍,牛,虎
2026078,2026-03-19 21:32:32,18,17,10,33,02,08,46,red,green,blue,green,red,red,red,牛,虎,雞,狗,蛇,豬,雞
2026079,2026-03-20 21:32:32,49,34,06,20,04,43,35,green,red,green,blue,blue,green,red,馬,雞,牛,豬,兔,鼠,猴
2026080,2026-03-21 21:32:32,21,18,17,48,09,42,03,green,red,green,blue,blue,blue,blue,狗,牛,虎,羊,狗,牛,龍
2026081,2026-03-22 21:32:32,04,36,14,15,35,41,17,blue,blue,blue,blue,red,blue,green,兔,羊,蛇,龍,猴,虎,虎
2026082,2026-03-23 21:32:32,03,21,33,37,41,25,27,blue,green,green,blue,blue,blue,green,龍,狗,狗,馬,虎,馬,龍
2026083,2026-03-24 21:32:32,46,08,23,36,30,01,05,red,red,red,blue,red,red,green,雞,豬,猴,羊,牛,馬,虎
2026084,2026-03-25 21:32:32,07,24,02,05,20,31,16,red,red,red,green,blue,blue,green,鼠,羊,蛇,虎,豬,鼠,兔
2026085,2026-03-26 21:32:32,14,13,27,33,06,20,19,blue,red,green,green,green,blue,red,蛇,馬,龍,狗,牛,豬,鼠
2026086,2026-03-27 21:32:32,15,36,14,24,26,34,12,blue,blue,blue,red,blue,red,red,龍,羊,蛇,羊,蛇,雞,羊
2026087,2026-03-28 21:32:32,17,01,21,29,47,02,26,green,red,green,red,blue,red,blue,虎,馬,狗,虎,猴,蛇,蛇
2026088,2026-03-29 21:32:32,16,46,18,10,12,42,27,green,red,red,blue,red,blue,green,兔,雞,牛,雞,羊,牛,龍
2026089,2026-03-30 21:32:32,26,44,34,05,21,22,49,blue,green,red,green,green,green,green,蛇,豬,雞,虎,狗,雞,馬
2026090,2026-03-31 21:32:32,48,29,20,17,37,08,36,blue,red,blue,green,blue,red,blue,羊,虎,豬,虎,馬,豬,羊
2026091,2026-04-01 21:32:32,08,17,32,05,42,24,37,red,green,green,green,blue,red,blue,豬,虎,豬,虎,牛,羊,馬
2026092,2026-04-02 21:32:32,46,42,25,47,38,19,06,red,blue,blue,blue,green,red,green,雞,牛,馬,猴,蛇,鼠,牛
2026093,2026-04-03 21:32:32,13,18,26,47,48,04,40,red,red,blue,blue,blue,blue,red,馬,牛,蛇,猴,羊,兔,兔
2026094,2026-04-04 21:32:32,16,25,04,28,43,38,17,green,blue,blue,green,green,green,green,兔,馬,兔,兔,鼠,蛇,虎
2026095,2026-04-05 21:32:32,15,39,01,38,21,48,35,blue,green,red,green,green,blue,red,龍,龍,馬,蛇,狗,羊,猴
2026096,2026-04-06 21:32:32,35,37,26,05,25,15,43,red,blue,blue,green,blue,blue,green,猴,馬,蛇,虎,馬,龍,鼠
2026097,2026-04-07 21:32:32,28,08,44,26,29,46,11,green,red,green,blue,red,red,green,兔,豬,豬,蛇,虎,雞,猴
2026098,2026-04-08 21:32:32,24,08,03,14,32,49,17,red,red,blue,blue,green,green,green,羊,豬,龍,蛇,豬,馬,虎
2026099,2026-04-09 21:32:32,10,32,22,18,28,17,12,blue,green,green,red,green,green,red,雞,豬,雞,牛,兔,虎,羊
2026100,2026-04-10 21:32:32,24,45,04,32,03,48,33,red,red,blue,green,blue,blue,green,羊,狗,兔,豬,龍,羊,狗
2026101,2026-04-11 21:32:32,22,08,02,34,20,12,39,green,red,red,red,blue,red,green,雞,豬,蛇,雞,豬,羊,龍
2026102,2026-04-12 21:32:32,47,03,32,46,39,36,20,blue,blue,green,red,green,blue,blue,猴,龍,豬,雞,龍,羊,豬
2026103,2026-04-13 21:32:32,34,03,01,30,39,04,06,red,blue,red,red,green,blue,green,雞,龍,馬,牛,龍,兔,牛
2026104,2026-04-14 21:32:32,20,45,39,49,03,48,01,blue,red,green,green,blue,blue,red,豬,狗,龍,馬,龍,羊,馬
2026105,2026-04-15 21:32:32,32,44,17,19,11,36,28,green,green,green,red,green,blue,green,豬,豬,虎,鼠,猴,羊,兔
2026106,2026-04-16 21:32:32,31,48,05,11,46,40,22,blue,blue,green,green,red,red,green,鼠,羊,虎,猴,雞,兔,雞
2026107,2026-04-17 21:32:32,35,10,41,43,34,06,49,red,blue,blue,green,red,green,green,猴,雞,虎,鼠,雞,牛,馬
2026108,2026-04-18 21:32:32,06,30,26,14,48,40,45,green,red,blue,blue,blue,red,red,牛,牛,蛇,蛇,羊,兔,狗
2026109,2026-04-19 21:32:32,38,07,19,24,43,08,16,green,red,red,red,green,red,green,蛇,鼠,鼠,羊,鼠,豬,兔
2026110,2026-04-20 21:32:32,40,03,43,29,45,19,30,red,blue,green,red,red,red,red,兔,龍,鼠,虎,狗,鼠,牛
2026111,2026-04-21 21:32:32,24,23,21,41,38,33,01,red,red,green,blue,green,green,red,羊,猴,狗,虎,蛇,狗,馬
2026112,2026-04-22 21:32:32,15,19,30,07,44,10,09,blue,red,red,red,green,blue,blue,龍,鼠,牛,鼠,豬,雞,狗
2026113,2026-04-23 21:32:32,42,22,15,17,32,49,02,blue,green,blue,green,green,green,red,牛,雞,龍,虎,豬,馬,蛇
2026114,2026-04-24 21:32:32,45,41,10,01,36,25,30,red,blue,blue,red,blue,blue,red,狗,虎,雞,馬,羊,馬,牛
2026115,2026-04-25 21:32:32,21,16,25,29,08,07,04,green,green,blue,red,red,red,blue,狗,兔,馬,虎,豬,鼠,兔
2026116,2026-04-26 21:32:32,15,46,16,10,48,33,22,blue,red,green,blue,blue,green,green,龍,雞,兔,雞,羊,狗,雞
2026117,2026-04-27 21:32:32,45,02,46,33,19,07,16,red,red,red,green,red,red,green,狗,蛇,雞,狗,鼠,鼠,兔
2026118,2026-04-28 21:32:32,38,37,22,46,49,40,08,green,blue,green,red,green,red,red,蛇,馬,雞,雞,馬,兔,豬
2026119,2026-04-29 21:32:32,38,18,32,22,30,40,11,green,red,green,green,red,red,green,蛇,牛,豬,雞,牛,兔,猴
2026120,2026-04-30 21:32:32,18,24,07,23,48,20,06,red,red,red,red,blue,blue,green,牛,羊,鼠,猴,羊,豬,牛
2026121,2026-05-01 21:32:32,45,21,35,48,06,20,44,red,green,red,blue,green,blue,green,狗,狗,猴,羊,牛,豬,豬
2026122,2026-05-02 21:32:32,18,23,15,22,25,45,01,red,red,blue,green,blue,red,red,牛,猴,龍,雞,馬,狗,馬
2026123,2026-05-03 21:32:32,39,23,49,17,42,44,46,green,red,green,green,blue,green,red,龍,猴,馬,虎,牛,豬,雞
2026124,2026-05-04 21:32:32,46,05,10,17,12,22,39,red,green,blue,green,red,green,green,雞,虎,雞,虎,羊,雞,龍
2026125,2026-05-05 21:32:32,16,19,07,30,38,39,31,green,red,red,red,green,green,blue,兔,鼠,鼠,牛,蛇,龍,鼠
2026126,2026-05-06 21:32:32,15,09,05,03,01,10,49,blue,blue,green,blue,red,blue,green,龍,狗,虎,龍,馬,雞,馬
2026127,2026-05-07 21:32:32,14,08,27,03,07,29,45,blue,red,green,blue,red,red,red,蛇,豬,龍,龍,鼠,虎,狗
2026128,2026-05-08 21:32:32,25,46,02,07,45,42,37,blue,red,red,red,red,blue,blue,馬,雞,蛇,鼠,狗,牛,馬
2026129,2026-05-09 21:32:32,34,07,40,21,17,25,41,red,red,red,green,green,blue,blue,雞,鼠,兔,狗,虎,馬,虎
2026130,2026-05-10 21:32:32,41,26,09,11,05,25,29,blue,blue,blue,green,green,blue,red,虎,蛇,狗,猴,虎,馬,虎
2026131,2026-05-11 21:32:32,12,40,21,32,01,25,07,red,red,green,green,red,blue,red,羊,兔,狗,豬,馬,馬,鼠
2026132,2026-05-12 21:32:32,48,11,20,44,39,35,30,blue,green,blue,green,green,red,red,羊,猴,豬,豬,龍,猴,牛
2026133,2026-05-13 21:32:32,38,14,23,01,26,44,07,green,blue,red,red,blue,green,red,蛇,蛇,猴,馬,蛇,豬,鼠
2026134,2026-05-14 21:32:32,24,46,40,44,22,49,37,red,red,red,green,green,green,blue,羊,雞,兔,豬,雞,馬,馬
2026135,2026-05-15 21:32:32,08,35,09,20,18,47,30,red,red,blue,blue,red,blue,red,豬,猴,狗,豬,牛,猴,牛
2026136,2026-05-16 21:32:32,01,14,24,17,15,12,48,red,blue,red,green,blue,red,blue,馬,蛇,羊,虎,龍,羊,羊
2026137,2026-05-17 21:32:32,24,20,32,05,19,07,26,red,blue,green,green,red,red,blue,羊,豬,豬,虎,鼠,鼠,蛇
2026138,2026-05-18 21:32:32,38,22,06,24,20,46,49,green,green,green,red,blue,red,green,蛇,雞,牛,羊,豬,雞,馬
2026139,2026-05-19 21:32:32,41,45,48,01,36,30,24,blue,red,blue,red,blue,red,red,虎,狗,羊,馬,羊,牛,羊
2026140,2026-05-20 21:32:32,13,10,42,04,46,34,16,red,blue,blue,blue,red,red,green,馬,雞,牛,兔,雞,雞,兔
2026141,2026-05-21 21:32:32,43,08,17,02,34,32,33,green,red,green,red,red,green,green,鼠,豬,虎,蛇,雞,豬,狗
2026142,2026-05-22 21:32:32,45,15,26,21,18,35,23,red,blue,blue,green,red,red,red,狗,龍,蛇,狗,牛,猴,猴
2026143,2026-05-23 21:32:32,13,26,18,32,02,33,44,red,blue,red,green,red,green,green,馬,蛇,牛,豬,蛇,狗,豬
2026144,2026-05-24 21:32:32,47,31,29,33,22,26,43,blue,blue,red,green,green,blue,green,猴,鼠,虎,狗,雞,蛇,鼠
2026145,2026-05-25 21:32:32,36,43,25,32,37,18,05,blue,green,blue,green,blue,red,green,羊,鼠,馬,豬,馬,牛,虎
2026146,2026-05-26 21:32:32,11,30,20,19,05,16,42,green,red,blue,red,green,green,blue,猴,牛,豬,鼠,虎,兔,牛
2026147,2026-05-27 21:32:32,29,40,06,18,31,10,13,red,red,green,red,blue,blue,red,虎,兔,牛,牛,鼠,雞,馬
2026148,2026-05-28 21:32:32,28,24,31,23,04,27,48,green,red,blue,red,blue,green,blue,兔,羊,鼠,猴,兔,龍,羊
2026149,2026-05-29 21:32:32,28,30,44,45,04,20,27,green,red,green,red,blue,blue,green,兔,牛,豬,狗,兔,豬,龍
2026150,2026-05-30 21:32:32,11,04,22,25,44,19,09,green,blue,green,blue,green,red,blue,猴,兔,雞,馬,豬,鼠,狗
2026151,2026-05-31 21:32:32,27,15,29,42,20,41,31,green,blue,red,blue,blue,blue,blue,龍,龍,虎,牛,豬,虎,鼠
2026152,2026-06-01 21:32:32,34,47,16,36,44,01,45,red,blue,green,blue,green,red,red,雞,猴,兔,羊,豬,馬,狗
2026153,2026-06-02 21:32:32,01,38,33,28,06,40,41,red,green,green,green,green,red,blue,馬,蛇,狗,兔,牛,兔,虎
2026154,2026-06-03 21:32:32,46,28,42,31,23,34,41,red,green,blue,blue,red,red,blue,雞,兔,牛,鼠,猴,雞,虎
2026155,2026-06-04 21:32:32,21,37,46,13,40,47,07,green,blue,red,red,red,blue,red,狗,馬,雞,馬,兔,猴,鼠
2026156,2026-06-05 21:32:32,31,16,11,03,37,12,01,blue,green,green,blue,blue,red,red,鼠,兔,猴,龍,馬,羊,馬
2026157,2026-06-06 21:32:32,43,25,11,31,17,10,40,green,blue,green,blue,green,blue,red,鼠,馬,猴,鼠,虎,雞,兔
2026158,2026-06-07 21:32:32,43,48,03,01,12,23,16,green,blue,blue,red,red,red,green,鼠,羊,龍,馬,羊,猴,兔
2026159,2026-06-08 21:32:32,12,04,28,17,20,46,39,red,blue,green,green,blue,red,green,羊,兔,兔,虎,豬,雞,龍
2026160,2026-06-09 21:32:32,08,16,26,01,29,30,02,red,green,blue,red,red,red,red,豬,兔,蛇,馬,虎,牛,蛇
2026161,2026-06-10 21:32:32,36,40,42,19,34,46,08,blue,red,blue,red,red,red,red,羊,兔,牛,鼠,雞,雞,豬
2026162,2026-06-11 21:32:32,23,41,24,26,33,07,32,red,blue,red,blue,green,red,green,猴,虎,羊,蛇,狗,鼠,豬
2026163,2026-06-12 21:32:32,39,08,10,33,07,41,37,green,red,blue,green,red,blue,blue,龍,豬,雞,狗,鼠,虎,馬
2026164,2026-06-13 21:32:32,46,04,38,12,03,02,21,red,blue,green,red,blue,red,green,雞,兔,蛇,羊,龍,蛇,狗
2026165,2026-06-14 21:32:32,11,47,09,49,02,01,03,green,blue,blue,green,red,red,blue,猴,猴,狗,馬,蛇,馬,龍
2026166,2026-06-15 21:32:32,20,15,01,04,21,28,06,blue,blue,red,blue,green,green,green,豬,龍,馬,兔,狗,兔,牛
2026167,2026-06-16 21:32:32,23,03,40,39,07,11,19,red,blue,red,green,red,green,red,猴,龍,兔,龍,鼠,猴,鼠
2026168,2026-06-17 21:32:32,27,11,24,05,40,33,15,green,green,red,green,red,green,blue,龍,猴,羊,虎,兔,狗,龍
2026169,2026-06-18 21:32:32,44,37,30,08,40,22,24,green,blue,red,red,red,green,red,豬,馬,牛,豬,兔,雞,羊
2026170,2026-06-19 21:32:32,27,46,06,38,20,34,03,green,red,green,green,blue,red,blue,龍,雞,牛,蛇,豬,雞,龍
2026171,2026-06-20 21:32:32,24,38,40,31,42,46,28,red,green,red,blue,blue,red,green,羊,蛇,兔,鼠,牛,雞,兔
2026172,2026-06-21 21:32:32,28,34,42,37,45,08,44,green,red,blue,blue,red,red,green,兔,雞,牛,馬,狗,豬,豬
2026173,2026-06-22 21:32:32,39,06,16,40,13,19,26,green,green,green,red,red,red,blue,龍,牛,兔,兔,馬,鼠,蛇
2026174,2026-06-23 21:32:32,15,08,34,13,28,21,41,blue,red,red,red,green,green,blue,龍,豬,雞,馬,兔,狗,虎
2026175,2026-06-24 21:32:32,07,19,30,29,28,25,26,red,red,red,red,green,blue,blue,鼠,鼠,牛,虎,兔,馬,蛇
2026176,2026-06-25 21:32:32,30,31,02,36,38,15,10,red,blue,red,blue,green,blue,blue,牛,鼠,蛇,羊,蛇,龍,雞
2026177,2026-06-26 21:32:32,19,21,05,01,02,44,14,red,green,green,red,red,green,blue,鼠,狗,虎,馬,蛇,豬,蛇
2026178,2026-06-27 21:32:32,26,46,22,44,31,17,18,blue,red,green,green,blue,green,red,蛇,雞,雞,豬,鼠,虎,牛
2026179,2026-06-28 21:32:32,10,11,26,06,31,09,15,blue,green,blue,green,blue,blue,blue,雞,猴,蛇,牛,鼠,狗,龍
2026180,2026-06-29 21:32:32,14,10,37,30,49,19,21,blue,blue,blue,red,green,red,green,蛇,雞,馬,牛,馬,鼠,狗
2026181,2026-06-30 21:32:32,17,29,06,34,47,15,19,green,red,green,red,blue,blue,red,虎,虎,牛,雞,猴,龍,鼠
2026182,2026-07-01 21:32:32,15,23,09,45,24,39,41,blue,red,blue,red,red,green,blue,龍,猴,狗,狗,羊,龍,虎
2026183,2026-07-02 21:32:32,23,09,46,37,42,03,24,red,blue,red,blue,blue,blue,red,猴,狗,雞,馬,牛,龍,羊
2026184,2026-07-03 21:32:32,44,24,11,36,25,20,01,green,red,green,blue,blue,blue,red,豬,羊,猴,羊,馬,豬,馬
2026185,2026-07-04 21:32:32,18,35,09,41,12,30,36,red,red,blue,blue,red,red,blue,牛,猴,狗,虎,羊,牛,羊
2026186,2026-07-05 21:32:32,17,29,22,01,05,38,23,green,red,green,red,green,green,red,虎,虎,雞,馬,虎,蛇,猴
2026187,2026-07-06 21:32:32,23,12,36,38,27,22,01,red,red,blue,green,green,green,red,猴,羊,羊,蛇,龍,雞,馬
2026188,2026-07-07 21:32:32,38,05,19,10,14,01,16,green,green,red,blue,blue,red,green,蛇,虎,鼠,雞,蛇,馬,兔
2026189,2026-07-08 21:32:32,45,12,37,20,38,43,15,red,red,blue,blue,green,green,blue,狗,羊,馬,豬,蛇,鼠,龍
2026190,2026-07-09 21:32:32,46,14,19,37,48,29,16,red,blue,red,blue,blue,red,green,雞,蛇,鼠,馬,羊,虎,兔
2026191,2026-07-10 21:32:32,19,43,39,24,16,26,29,red,green,green,red,green,blue,red,鼠,鼠,龍,羊,兔,蛇,虎
2026192,2026-07-11 21:32:32,27,30,45,08,01,37,25,green,red,red,red,red,blue,blue,龍,牛,狗,豬,馬,馬,馬
2026193,2026-07-12 21:32:32,02,49,25,11,45,29,09,red,green,blue,green,red,red,blue,蛇,馬,馬,猴,狗,虎,狗
2026194,2026-07-13 21:32:32,30,21,22,15,04,34,26,red,green,green,blue,blue,red,blue,牛,狗,雞,龍,兔,雞,蛇
2026195,2026-07-14 21:32:32,46,23,39,04,09,19,25,red,red,green,blue,blue,red,blue,雞,猴,龍,兔,狗,鼠,馬
2026196,2026-07-15 21:32:32,03,37,24,10,41,19,39,blue,blue,red,blue,blue,red,green,龍,馬,羊,雞,虎,鼠,龍
2026197,2026-07-16 21:32:32,40,19,30,48,44,28,08,red,red,red,blue,green,green,red,兔,鼠,牛,羊,豬,兔,豬
2026198,2026-07-17 21:32:32,48,35,45,21,12,24,07,blue,red,red,green,red,red,red,羊,猴,狗,狗,羊,羊,鼠
2026199,2026-07-18 21:32:32,17,49,42,45,05,38,36,green,green,blue,red,green,green,blue,虎,馬,牛,狗,虎,蛇,羊
2026200,2026-07-19 21:32:32,43,46,05,32,35,29,39,green,red,green,green,red,red,green,鼠,雞,虎,豬,猴,虎,龍
2026201,2026-07-20 21:32:32,46,28,19,38,31,25,32,red,green,red,green,blue,blue,green,雞,兔,鼠,蛇,鼠,馬,豬
2026202,2026-07-21 21:32:32,21,15,25,47,13,45,40,green,blue,blue,blue,red,red,red,狗,龍,馬,猴,馬,狗,兔
2026203,2026-07-22 21:32:32,12,11,31,03,44,37,25,red,green,blue,blue,green,blue,blue,羊,猴,鼠,龍,豬,馬,馬
2026204,2026-07-23 21:32:32,11,12,17,26,10,07,05,green,red,green,blue,blue,red,green,猴,羊,虎,蛇,雞,鼠,虎
2026205,2026-07-24 21:32:32,30,17,39,12,11,28,03,red,green,green,red,green,green,blue,牛,虎,龍,羊,猴,兔,龍
2026206,2026-07-25 21:32:32,09,49,37,03,40,35,47,blue,green,blue,blue,red,red,blue,狗,馬,馬,龍,兔,猴,猴
2026207,2026-07-26 21:32:32,09,40,26,23,44,13,31,blue,red,blue,red,green,red,blue,狗,兔,蛇,猴,豬,馬,鼠
2026208,2026-07-27 21:32:32,07,48,40,35,23,28,19,red,blue,red,red,red,green,red,鼠,羊,兔,猴,猴,兔,鼠
2026209,2026-07-28 21:32:32,44,05,39,14,21,22,08,green,green,green,blue,green,green,red,豬,虎,龍,蛇,狗,雞,豬
2026210,2026-07-29 21:32:32,40,37,15,17,42,48,49,red,blue,blue,green,blue,blue,green,兔,馬,龍,虎,牛,羊,馬
2026211,2026-07-30 21:32:32,13,12,39,37,38,08,01,red,red,green,blue,green,red,red,馬,羊,龍,馬,蛇,豬,馬
2026212,2026-07-31 21:32:32,43,32,16,39,19,27,06,green,green,green,green,red,green,green,鼠,豬,兔,龍,鼠,龍,牛
2026213,2026-08-01 21:32:32,09,05,12,22,01,15,35,blue,green,red,green,red,blue,red,狗,虎,羊,雞,馬,龍,猴
2026214,2026-08-02 21:32:32,29,30,27,38,43,31,04,red,red,green,green,green,blue,blue,虎,牛,龍,蛇,鼠,鼠,兔
2026215,2026-08-03 21:32:32,19,38,30,13,01,11,14,red,green,red,red,red,green,blue,鼠,蛇,牛,馬,馬,猴,蛇
2026216,2026-08-04 21:32:32,18,41,32,44,36,45,37,red,blue,green,green,blue,red,blue,牛,虎,豬,豬,羊,狗,馬
2026217,2026-08-05,34,12,11,30,42,7,26,,,,,,,,,,,,,,
2026218,2026-08-06,2,13,47,38,46,23,17,,,,,,,,,,,,,,
2026219,2026-08-07,31,41,7,8,29,22,43,,,,,,,,,,,,,,
2026220,2026-08-08,27,39,4,12,38,25,48,,,,,,,,,,,,,,
2026221,2026-08-09,24,14,18,48,46,28,1,,,,,,,,,,,,,,
2026222,2026-08-10,49,14,47,27,18,38,26,,,,,,,,,,,,,,
2026223,2026-08-11,21,43,1,38,29,44,23,,,,,,,,,,,,,,
2026224,2026-08-12,25,19,8,49,18,36,9,,,,,,,,,,,,,,
2026225,2026-08-13,07,34,27,10,19,38,01,,,,,,,,,,,,,,
2026226,2026-08-14,01,11,29,38,04,33,17,,,,,,,,,,,,,,
2026227,2026-08-15,23,24,29,07,13,31,16,,,,,,,,,,,,,,
2026228,2026-08-16,38,26,08,06,29,18,23,,,,,,,,,,,,,,
2026229,2026-08-17,11,07,15,13,33,16,38,,,,,,,,,,,,,,
